snp	ref_rsid	ref_hg19_coordinates	ref_hg38_coordinates	ref_chr	ref_pos_hg19	ref_pos_hg38	ref_a1	ref_a2	ref_eur	ref_consequence	ref_protein_position	ref_amino_acids	ref_ensembl	ref_hgnc	rsid	hg19_coordinates	hg38_coordinates	chr	pos_hg19	pos_hg38	a1	a2	eur	consequence	protein_position	amino_acids	ensembl	hgnc	proxy	r2	dprime
rs2228145	rs2228145	chr1:154426970	chr1:154454494	1	154426970	154454494	A	C	0.6402	missense	358	D/A	ENSG00000160712	IL6R	rs2228145	chr1:154426970	chr1:154454494	1	154426970	154454494	A	C	0.6402	missense	358	D/A	ENSG00000160712	IL6R	0	1	1
rs2228145	rs2228145	chr1:154426970	chr1:154454494	1	154426970	154454494	A	C	0.6402	missense	358	D/A	ENSG00000160712	IL6R	rs12126142	chr1:154425456	chr1:154452980	1	154425456	154452980	G	A	0.6402	intron	-	-	ENSG00000160712	IL6R	1	1	1
rs2228145	rs2228145	chr1:154426970	chr1:154454494	1	154426970	154454494	A	C	0.6402	missense	358	D/A	ENSG00000160712	IL6R	rs4129267	chr1:154426264	chr1:154453788	1	154426264	154453788	C	T	0.6402	intron	-	-	ENSG00000160712	IL6R	1	1	1
rs2228145	rs2228145	chr1:154426970	chr1:154454494	1	154426970	154454494	A	C	0.6402	missense	358	D/A	ENSG00000160712	IL6R	rs12730935	chr1:154419892	chr1:154447416	1	154419892	154447416	G	A	0.6392	intron	-	-	ENSG00000160712	IL6R	1	0.9957	1
rs2228145	rs2228145	chr1:154426970	chr1:154454494	1	154426970	154454494	A	C	0.6402	missense	358	D/A	ENSG00000160712	IL6R	rs61812598	chr1:154420087	chr1:154447611	1	154420087	154447611	G	A	0.6392	intron	-	-	ENSG00000160712	IL6R	1	0.9957	1
rs2228145	rs2228145	chr1:154426970	chr1:154454494	1	154426970	154454494	A	C	0.6402	missense	358	D/A	ENSG00000160712	IL6R	rs12133641	chr1:154428283	chr1:154455807	1	154428283	154455807	A	G	0.6382	intron	-	-	ENSG00000160712	IL6R	1	0.99142	1
rs2228145	rs2228145	chr1:154426970	chr1:154454494	1	154426970	154454494	A	C	0.6402	missense	358	D/A	ENSG00000160712	IL6R	rs4845373	chr1:154417829	chr1:154445353	1	154417829	154445353	C	T	0.6332	intron	-	-	ENSG00000160712	IL6R	1	0.94513	0.98691
rs2228145	rs2228145	chr1:154426970	chr1:154454494	1	154426970	154454494	A	C	0.6402	missense	358	D/A	ENSG00000160712	IL6R	rs7512646	chr1:154420402	chr1:154447926	1	154420402	154447926	G	C	0.6262	intron	-	-	ENSG00000160712	IL6R	1	0.94183	1
rs2228145	rs2228145	chr1:154426970	chr1:154454494	1	154426970	154454494	A	C	0.6402	missense	358	D/A	ENSG00000160712	IL6R	rs7529229	chr1:154420778	chr1:154448302	1	154420778	154448302	T	C	0.6262	intron	-	-	ENSG00000160712	IL6R	1	0.94183	1
rs2228145	rs2228145	chr1:154426970	chr1:154454494	1	154426970	154454494	A	C	0.6402	missense	358	D/A	ENSG00000160712	IL6R	rs12753254	chr1:154416935	chr1:154444459	1	154416935	154444459	G	A	0.6342	intron	-	-	ENSG00000160712	IL6R	1	0.94086	0.98258
rs2228145	rs2228145	chr1:154426970	chr1:154454494	1	154426970	154454494	A	C	0.6402	missense	358	D/A	ENSG00000160712	IL6R	rs12730036	chr1:154416969	chr1:154444493	1	154416969	154444493	C	T	0.6342	intron	-	-	ENSG00000160712	IL6R	1	0.94086	0.98258
rs2228145	rs2228145	chr1:154426970	chr1:154454494	1	154426970	154454494	A	C	0.6402	missense	358	D/A	ENSG00000160712	IL6R	rs4576655	chr1:154418749	chr1:154446273	1	154418749	154446273	C	T	0.6252	intron	-	-	ENSG00000160712	IL6R	1	0.93786	1
rs2228145	rs2228145	chr1:154426970	chr1:154454494	1	154426970	154454494	A	C	0.6402	missense	358	D/A	ENSG00000160712	IL6R	rs12404936	chr1:154421530	chr1:154449054	1	154421530	154449054	T	C	0.6272	intron	-	-	ENSG00000160712	IL6R	1	0.93753	0.9956
rs2228145	rs2228145	chr1:154426970	chr1:154454494	1	154426970	154454494	A	C	0.6402	missense	358	D/A	ENSG00000160712	IL6R	rs4537545	chr1:154418879	chr1:154446403	1	154418879	154446403	C	T	0.6262	intron	-	-	ENSG00000160712	IL6R	1	0.93354	0.99559
rs2228145	rs2228145	chr1:154426970	chr1:154454494	1	154426970	154454494	A	C	0.6402	missense	358	D/A	ENSG00000160712	IL6R	rs56383622	chr1:154405024	chr1:154432548	1	154405024	154432548	A	G	0.6322	intron	-	-	ENSG00000160712	IL6R	1	0.93275	0.98252
rs2228145	rs2228145	chr1:154426970	chr1:154454494	1	154426970	154454494	A	C	0.6402	missense	358	D/A	ENSG00000160712	IL6R	rs4845620	chr1:154406656	chr1:154434180	1	154406656	154434180	A	G	0.6322	intron	-	-	ENSG00000160712	IL6R	1	0.93275	0.98252
rs2228145	rs2228145	chr1:154426970	chr1:154454494	1	154426970	154454494	A	C	0.6402	missense	358	D/A	ENSG00000160712	IL6R	rs7518199	chr1:154407419	chr1:154434943	1	154407419	154434943	A	C	0.6322	intron	-	-	ENSG00000160712	IL6R	1	0.93275	0.98252
rs2228145	rs2228145	chr1:154426970	chr1:154454494	1	154426970	154454494	A	C	0.6402	missense	358	D/A	ENSG00000160712	IL6R	rs4845621	chr1:154409730	chr1:154437254	1	154409730	154437254	G	A	0.6322	intron	-	-	ENSG00000160712	IL6R	1	0.93275	0.98252
rs2228145	rs2228145	chr1:154426970	chr1:154454494	1	154426970	154454494	A	C	0.6402	missense	358	D/A	ENSG00000160712	IL6R	rs4845622	chr1:154411419	chr1:154438943	1	154411419	154438943	A	C	0.6322	intron	-	-	ENSG00000160712	IL6R	1	0.93275	0.98252
rs2228145	rs2228145	chr1:154426970	chr1:154454494	1	154426970	154454494	A	C	0.6402	missense	358	D/A	ENSG00000160712	IL6R	rs4393147	chr1:154414037	chr1:154441561	1	154414037	154441561	C	T	0.6322	intron	-	-	ENSG00000160712	IL6R	1	0.93275	0.98252
rs2228145	rs2228145	chr1:154426970	chr1:154454494	1	154426970	154454494	A	C	0.6402	missense	358	D/A	ENSG00000160712	IL6R	rs4453032	chr1:154414086	chr1:154441610	1	154414086	154441610	A	G	0.6322	intron	-	-	ENSG00000160712	IL6R	1	0.93275	0.98252
rs2228145	rs2228145	chr1:154426970	chr1:154454494	1	154426970	154454494	A	C	0.6402	missense	358	D/A	ENSG00000160712	IL6R	rs6664201	chr1:154414296	chr1:154441820	1	154414296	154441820	C	T	0.6322	intron	-	-	ENSG00000160712	IL6R	1	0.93275	0.98252
rs2228145	rs2228145	chr1:154426970	chr1:154454494	1	154426970	154454494	A	C	0.6402	missense	358	D/A	ENSG00000160712	IL6R	rs12403159	chr1:154421521	chr1:154449045	1	154421521	154449045	G	C	0.6252	intron	-	-	ENSG00000160712	IL6R	1	0.92959	0.99558
rs2228145	rs2228145	chr1:154426970	chr1:154454494	1	154426970	154454494	A	C	0.6402	missense	358	D/A	ENSG00000160712	IL6R	rs7521458	chr1:154407713	chr1:154435237	1	154407713	154435237	T	C	0.6312	intron	-	-	ENSG00000160712	IL6R	1	0.92872	0.98249
rs2228145	rs2228145	chr1:154426970	chr1:154454494	1	154426970	154454494	A	C	0.6402	missense	358	D/A	ENSG00000160712	IL6R	rs11265613	chr1:154418415	chr1:154445939	1	154418415	154445939	T	C	0.6402	intron	-	-	ENSG00000160712	IL6R	1	0.92383	0.96116
rs2228145	rs2228145	chr1:154426970	chr1:154454494	1	154426970	154454494	A	C	0.6402	missense	358	D/A	ENSG00000160712	IL6R	rs201517815	chr1:154420028	chr1:154447552	1	154420028	154447552	TAC	T	0.6342	-	-	-	-	-	1	0.916	0.96951
rs2228145	rs2228145	chr1:154426970	chr1:154454494	1	154426970	154454494	A	C	0.6402	missense	358	D/A	ENSG00000160712	IL6R	rs6684439	chr1:154395839	chr1:154423363	1	154395839	154423363	C	T	0.6362	intron	-	-	ENSG00000160712	IL6R	1	0.89942	0.95658
rs2228145	rs2228145	chr1:154426970	chr1:154454494	1	154426970	154454494	A	C	0.6402	missense	358	D/A	ENSG00000160712	IL6R	rs371363583	chr1:154418225	chr1:154445749	1	154418225	154445749	C	CAA	0.6203	-	-	-	-	-	1	0.89384	0.98664
rs2228145	rs2228145	chr1:154426970	chr1:154454494	1	154426970	154454494	A	C	0.6402	missense	358	D/A	ENSG00000160712	IL6R	rs4845372	chr1:154415396	chr1:154442920	1	154415396	154442920	C	A	0.6193	intron	-	-	ENSG00000160712	IL6R	1	0.882	0.98216
rs2228145	rs2228145	chr1:154426970	chr1:154454494	1	154426970	154454494	A	C	0.6402	missense	358	D/A	ENSG00000160712	IL6R	rs4845623	chr1:154415777	chr1:154443301	1	154415777	154443301	A	G	0.6193	intron	-	-	ENSG00000160712	IL6R	1	0.882	0.98216
rs2228145	rs2228145	chr1:154426970	chr1:154454494	1	154426970	154454494	A	C	0.6402	missense	358	D/A	ENSG00000160712	IL6R	rs34722852	chr1:154410356	chr1:154437880	1	154410356	154437880	AT	A	0.6123	-	-	-	-	-	1	0.84824	0.97744
