X.chrom,Start,End,Region,in10m,in500k,in250k,flanking,dist_kb,line
chr1,178944309,178954470,region90,1,1,1,5,10,1
chr7,124156805,124167552,region818,1,1,1,5,11,2
chr8,1044217,1163245,region844,1,1,1,60,119,3
chr10,134336329,134494673,region1094,1,1,1,79,158,4
chr2,167160270,167355970,region234,1,1,1,98,196,5
chr9,72512711,72753755,region967,1,1,1,121,241,6
chr10,69900148,70195991,region1055,1,1,1,148,296,7
chr7,139933177,140235210,region829,1,1,1,151,302,8
chr1,71372470,71684405,region45,1,1,1,156,312,9
chr6,94118142,94441175,region695,1,1,1,162,323,10
chr11,58457495,58780549,region1128,1,1,1,162,323,11
chr5,180559933,180885156,region631,1,1,1,163,325,12
chr7,63307359,63641125,region785,1,1,1,167,334,13
chr7,126519170,126869221,region820,1,1,1,175,350,14
chr1,221858231,222230220,region115,1,1,1,186,372,15
chr7,972752,1353067,region745,1,1,1,190,380,16
chr11,54695473,55082657,region1126,1,1,1,194,387,17
chr8,3392926,3783017,region848,1,1,1,195,390,18
chr9,4495328,4884926,region941,1,1,1,195,390,19
chr10,22772283,23175132,region1027,1,1,1,201,403,20
chr11,120766806,121175943,region1168,1,1,1,205,409,21
chr8,31133729,31548360,region872,1,1,1,207,415,22
chr12,101447641,101862690,region1239,1,1,1,208,415,23
chr10,100241302,100668400,region1073,1,1,1,214,427,24
chr14,48573586,49005471,region1341,1,1,1,216,432,25
chr7,5416232,5854526,region750,1,1,1,219,438,26
chr8,17387876,17836399,region861,1,1,1,224,449,27
chr8,13491775,13944992,region858,1,1,1,227,453,28
chr13,93129691,93586455,region1307,1,1,1,228,457,29
chr4,119933512,120392684,region476,1,1,1,230,459,30
chr10,29323236,29783692,region1031,1,1,1,230,460,31
chr12,115036602,115503216,region1249,1,1,1,233,467,32
chr9,88109333,88590417,region979,1,1,1,241,481,33
chr8,9154694,9640787,region854,1,1,1,243,486,34
chr1,241582220,242071602,region129,1,1,1,245,489,35
chr18,51062185,51554175,region1559,1,1,1,246,492,36
chr13,106247554,106750000,region1316,1,1,0,251,502,37
chr14,95750867,96262415,region1372,1,1,0,256,512,38
chr12,106436213,106958748,region1243,1,1,0,261,523,39
chr14,53474383,53997831,region1345,1,1,0,262,523,40
chr8,2042942,2573279,region846,1,1,0,265,530,41
chr19,80840,610729,region1579,1,1,0,265,530,42
chr16,12613098,13154437,region1442,1,1,0,271,541,43
chr11,80722373,81266712,region1140,1,1,0,272,544,44
chr9,137041122,137589364,region1007,1,1,0,274,548,45
chr6,119963278,120512128,region711,1,1,0,274,549,46
chr6,32682664,33236497,region658,1,1,0,277,554,47
chr4,127275477,127830293,region482,1,1,0,277,555,48
chr3,21643707,22204244,region293,1,1,0,280,561,49
chr9,138938978,139500342,region1009,1,1,0,281,561,50
chr8,19492840,20060856,region863,1,1,0,284,568,51
chr9,78900183,79471208,region972,1,1,0,286,571,52
chr11,114257728,114830666,region1163,1,1,0,286,573,53
chr4,154477641,155056126,region498,1,1,0,289,578,54
chr2,195861164,196447456,region248,1,1,0,293,586,55
chr9,28224283,28811584,region957,1,1,0,294,587,56
chr2,241560084,242149921,region276,1,1,0,295,590,57
chr2,130067170,130658085,region210,1,1,0,295,591,58
chr2,129474441,130067170,region209,1,1,0,296,593,59
chr11,107844200,108437037,region1158,1,1,0,296,593,60
chr9,6557589,7154923,region943,1,1,0,299,597,61
chr8,108648177,109248173,region915,1,1,0,300,600,62
chr4,86930609,87534648,region457,1,1,0,302,604,63
chr1,56413117,57021728,region35,1,1,0,304,609,64
chr4,7539692,8152235,region408,1,1,0,306,613,65
chr2,28598777,29217559,region150,1,1,0,309,619,66
chr4,27343722,27965868,region422,1,1,0,311,622,67
chr22,17674295,18296088,region1681,1,1,0,311,622,68
chr16,9799419,10426032,region1439,1,1,0,313,627,69
chr20,24717724,25344231,region1635,1,1,0,313,627,70
chr15,54508528,55136269,region1402,1,1,0,314,628,71
chr21,47492226,48119752,region1679,1,1,0,314,628,72
chr10,57031140,57662146,region1046,1,1,0,316,631,73
chr16,6893551,7529121,region1436,1,1,0,318,636,74
chr6,55468270,56105313,region672,1,1,0,319,637,75
chr20,60479,697600,region1618,1,1,0,319,637,76
chr1,239925314,240564091,region127,1,1,0,319,639,77
chr7,19481547,20124908,region761,1,1,0,322,643,78
chr17,12534769,13180372,region1494,1,1,0,323,646,79
chr12,8377536,9031395,region1187,1,1,0,327,654,80
chr8,59068651,59728100,region887,1,1,0,330,659,81
chr16,86156599,86815411,region1480,1,1,0,329,659,82
chr2,127373764,128034347,region207,1,1,0,330,661,83
chr8,4480476,5146927,region850,1,1,0,333,666,84
chr14,46081896,46749130,region1339,1,1,0,334,667,85
chr10,123231465,123900545,region1086,1,1,0,335,669,86
chr5,26184851,26857604,region539,1,1,0,336,673,87
chr6,68849483,69523448,region679,1,1,0,337,674,88
chr10,29783692,30458838,region1032,1,1,0,338,675,89
chr16,78456292,79134815,region1472,1,1,0,339,679,90
chr2,217715661,218395480,region261,1,1,0,340,680,91
chr10,62659679,63341695,region1051,1,1,0,341,682,92
chr4,10240,694715,region400,1,1,0,342,684,93
chr6,93428644,94118142,region694,1,1,0,345,689,94
chr10,60523,751339,region1011,1,1,0,345,691,95
chr4,29762208,30454535,region424,1,1,0,346,692,96
chr4,130591885,131283821,region485,1,1,0,346,692,97
chr13,109121210,109815112,region1319,1,1,0,347,694,98
chr8,3783017,4480476,region849,1,1,0,349,697,99
chr16,84445883,85148685,region1478,1,1,0,351,703,100
chr7,1353067,2062398,region746,1,1,0,355,709,101
chr9,31310383,32019368,region960,1,1,0,354,709,102
chr7,2062398,2772227,region747,1,1,0,355,710,103
chr9,8456299,9166403,region945,1,1,0,355,710,104
chr2,164466638,165178840,region232,1,1,0,356,712,105
chr4,47411896,48123600,region436,1,1,0,356,712,106
chr2,141805351,142518602,region217,1,1,0,357,713,107
chr17,13180372,13894637,region1495,1,1,0,357,714,108
chr5,56621102,57340073,region555,1,1,0,359,719,109
chr7,5854526,6573857,region751,1,1,0,360,719,110
chr6,170330173,171051270,region743,1,1,0,361,721,111
chr12,113263518,113986709,region1247,1,1,0,362,723,112
chr19,15648610,16374416,region1591,1,1,0,363,726,113
chr3,194059671,194786674,region396,1,1,0,364,727,114
chr8,125683719,126410917,region924,1,1,0,364,727,115
chr12,67181144,67909729,region1220,1,1,0,364,729,116
chr16,82747728,83477208,region1476,1,1,0,365,729,117
chr10,1523544,2254500,region1013,1,1,0,365,731,118
chr11,130342575,131074612,region1176,1,1,0,366,732,119
chr10,12586797,13321600,region1021,1,1,0,367,735,120
chr19,22732896,23467746,region1596,1,1,0,367,735,121
chr5,60935907,61672995,region558,1,1,0,369,737,122
chr8,81956395,82693739,region900,1,1,0,369,737,123
chr13,60854778,61591949,region1290,1,1,0,369,737,124
chr11,134205993,134946452,region1179,1,1,0,370,740,125
chr12,3677037,4417679,region1183,1,1,0,370,741,126
chr5,63218987,63968304,region560,1,1,0,375,749,127
chr6,97093511,97842284,region697,1,1,0,374,749,128
chr11,8333274,9087317,region1102,1,1,0,377,754,129
chr2,151731462,152486782,region223,1,1,0,378,755,130
chr17,1172399,1928731,region1485,1,1,0,378,756,131
chr6,162169564,162931203,region736,1,1,0,381,762,132
chr4,6773043,7539692,region407,1,1,0,383,767,133
chr4,161058864,161826435,region502,1,1,0,384,768,134
chr10,61891409,62659679,region1050,1,1,0,384,768,135
chr9,76203946,76973081,region970,1,1,0,385,769,136
chr10,751339,1523544,region1012,1,1,0,386,772,137
chr6,30798168,31571218,region656,1,1,0,387,773,138
chr16,5118345,5891580,region1434,1,1,0,387,773,139
chr20,62190180,62965163,region1655,1,1,0,387,775,140
chr2,35345028,36122006,region155,1,1,0,388,777,141
chr13,104066710,104844114,region1314,1,1,0,389,777,142
chr4,15147446,15927009,region414,1,1,0,390,780,143
chr9,25330810,26111757,region955,1,1,0,390,781,144
chr5,119669042,120452166,region594,1,1,0,392,783,145
chr2,67226166,68010176,region177,1,1,0,392,784,146
chr4,694715,1478711,region401,1,1,0,392,784,147
chr14,76444767,77229472,region1358,1,1,0,392,785,148
chr18,63463402,64252801,region1567,1,1,0,395,789,149
chr15,40384132,41177514,region1393,1,1,0,397,793,150
chr4,68059497,68854765,region446,1,1,0,398,795,151
chr4,126480886,127275477,region481,1,1,0,397,795,152
chr2,50022257,50818928,region165,1,1,0,398,797,153
chr14,98341162,99138532,region1374,1,1,0,399,797,154
chr1,3582736,4380811,region3,1,1,0,399,798,155
chr12,83502666,84303844,region1230,1,1,0,401,801,156
chr13,70724516,71526791,region1295,1,1,0,401,802,157
chr20,22491456,23293790,region1633,1,1,0,401,802,158
chr21,26469122,27271019,region1664,1,1,0,401,802,159
chr8,24674718,25483454,region867,1,1,0,404,809,160
chr11,12564229,13373124,region1105,1,1,0,404,809,161
chr16,7529121,8338519,region1437,1,1,0,405,809,162
chr11,86619301,87430235,region1143,1,1,0,405,811,163
chr19,40170619,40984601,region1605,1,1,0,407,814,164
chr8,10463197,11278998,region856,1,1,0,408,816,165
chr4,4684116,5502388,region405,1,1,0,409,818,166
chr6,28917608,29737971,region654,1,1,0,410,820,167
chr8,2573279,3392926,region847,1,1,0,410,820,168
chr17,49898957,50719055,region1513,1,1,0,410,820,169
chr8,9640787,10463197,region855,1,1,0,411,822,170
chr8,124861459,125683719,region923,1,1,0,411,822,171
chr10,122407323,123231465,region1085,1,1,0,412,824,172
chr10,95396368,96221243,region1070,1,1,0,412,825,173
chr15,29338502,30165568,region1385,1,1,0,414,827,174
chr18,11075913,11905440,region1538,1,1,0,415,830,175
chr2,146445570,147277162,region220,1,1,0,416,832,176
chr6,24852275,25684587,region650,1,1,0,416,832,177
chr7,25077259,25909555,region765,1,1,0,416,832,178
chr16,86815411,87647349,region1481,1,1,0,416,832,179
chr1,23086883,23920590,region16,1,1,0,417,834,180
chr4,167018858,167852917,region507,1,1,0,417,834,181
chr10,43894771,44730075,region1040,1,1,0,418,835,182
chr2,46482634,47318772,region162,1,1,0,418,836,183
chr9,1079707,1916877,region938,1,1,0,419,837,184
chr4,3846040,4684116,region404,1,1,0,419,838,185
chr10,131741327,132580245,region1092,1,1,0,419,839,186
chr21,37870779,38711704,region1672,1,1,0,420,841,187
chr12,40816185,41658586,region1205,1,1,0,421,842,188
chr3,40221298,41064528,region306,1,1,0,422,843,189
chr7,4573428,5416232,region749,1,1,0,421,843,190
chr21,34376999,35225465,region1669,1,1,0,424,848,191
chr15,31591821,32441811,region1387,1,1,0,425,850,192
chr7,68234074,69085364,region788,1,1,0,426,851,193
chr1,83991748,84844495,region51,1,1,0,426,853,194
chr13,57554217,58410626,region1287,1,1,0,428,856,195
chr1,102041016,102898745,region63,1,1,0,429,858,196
chr12,29651255,30512406,region1199,1,1,0,431,861,197
chr9,114831082,115693145,region993,1,1,0,431,862,198
chr7,9123423,9987499,region754,1,1,0,432,864,199
chr8,104123306,104988752,region912,1,1,0,433,865,200
chr2,101822329,102688765,region192,1,1,0,433,866,201
chr18,77149991,78017158,region1578,1,1,0,434,867,202
chr2,57429100,58297315,region171,1,1,0,434,868,203
chr4,35151415,36020436,region428,1,1,0,435,869,204
chr3,197075987,197946622,region399,1,1,0,435,871,205
chr7,149840658,150711505,region836,1,1,0,435,871,206
chr11,127316679,128188537,region1174,1,1,0,436,872,207
chr19,5811852,6684885,region1584,1,1,0,437,873,208
chr4,14272001,15147446,region413,1,1,0,438,875,209
chr8,1163245,2042942,region845,1,1,0,440,880,210
chr19,43862455,44744108,region1608,1,1,0,441,882,211
chr1,218705513,219590571,region113,1,1,0,443,885,212
chr12,54778823,55665837,region1213,1,1,0,444,887,213
chr7,121045273,121933630,region816,1,1,0,444,888,214
chr20,61301855,62190180,region1654,1,1,0,444,888,215
chr3,87409732,88298373,region335,1,1,0,444,889,216
chr19,8347513,9238393,region1586,1,1,0,445,891,217
chr13,58410626,59302271,region1288,1,1,0,446,892,218
chr2,235150987,236043550,region271,1,1,0,446,893,219
chr2,47318772,48213001,region163,1,1,0,447,894,220
chr3,8648561,9543183,region284,1,1,0,447,895,221
chr7,38966703,39862670,region772,1,1,0,448,896,222
chr10,130844284,131741327,region1091,1,1,0,449,897,223
chr11,7436701,8333274,region1101,1,1,0,448,897,224
chr1,199239884,200137649,region102,1,1,0,449,898,225
chr2,38132712,39031337,region157,1,1,0,449,899,226
chr2,102688765,103588215,region193,1,1,0,450,899,227
chr6,28017819,28917608,region653,1,1,0,450,900,228
chr14,85746319,86647002,region1365,1,1,0,450,901,229
chr9,117019801,117921960,region995,1,1,0,451,902,230
chr18,10644,912486,region1531,1,1,0,451,902,231
chr3,32351715,33255592,region301,1,1,0,452,904,232
chr12,4417679,5321472,region1184,1,1,0,452,904,233
chr5,152867774,153773088,region611,1,1,0,453,905,234
chr9,133223217,134127888,region1004,1,1,0,452,905,235
chr21,40482902,41389527,region1674,1,1,0,453,907,236
chr11,122591910,123500117,region1170,1,1,0,454,908,237
chr12,32165592,33076989,region1201,1,1,0,456,911,238
chr15,24195127,25108590,region1382,1,1,0,457,913,239
chr11,100417169,101331121,region1153,1,1,0,457,914,240
chr11,103959636,104873284,region1155,1,1,0,457,914,241
chr1,48978188,49894177,region31,1,1,0,458,916,242
chr6,23936619,24852275,region649,1,1,0,458,916,243
chr15,100636847,101552694,region1428,1,1,0,458,916,244
chr19,2098396,3019660,region1581,1,1,0,461,921,245
chr22,48903703,49824534,region1702,1,1,0,460,921,246
chr2,184357608,185280173,region244,1,1,0,461,923,247
chr9,30387392,31310383,region959,1,1,0,461,923,248
chr4,124286481,125210862,region479,1,1,0,462,924,249
chr13,108189877,109121210,region1318,1,1,0,466,931,250
chr16,77523678,78456292,region1471,1,1,0,466,933,251
chr18,71038474,71971462,region1573,1,1,0,466,933,252
chr2,205799241,206735704,region254,1,1,0,468,936,253
chr13,46495214,47431079,region1280,1,1,0,468,936,254
chr13,23594702,24531937,region1265,1,1,0,469,937,255
chr19,29790947,30727954,region1599,1,1,0,469,937,256
chr9,121321537,122260297,region997,1,1,0,469,939,257
chr6,169382050,170330173,region742,1,1,0,474,948,258
chr18,25927682,26875587,region1545,1,1,0,474,948,259
chr14,106340358,107289454,region1379,1,1,0,475,949,260
chr2,181312739,182266031,region242,1,1,0,477,953,261
chr7,16161,972752,region744,1,1,0,478,957,262
chr7,103197510,104159525,region807,1,1,0,481,962,263
chr2,163503551,164466638,region231,1,1,0,482,963,264
chr3,26877769,27840910,region297,1,1,0,482,963,265
chr7,22507629,23471442,region763,1,1,0,482,964,266
chr5,172678327,173642871,region625,1,1,0,482,965,267
chr3,19125144,20091348,region291,1,1,0,483,966,268
chr11,93276157,94242260,region1148,1,1,0,483,966,269
chr15,101552694,102520966,region1429,1,1,0,484,968,270
chr16,83477208,84445883,region1477,1,1,0,484,969,271
chr1,93536459,94506191,region57,1,1,0,485,970,272
chr5,11940,982252,region522,1,1,0,485,970,273
chr1,10806984,11777841,region8,1,1,0,485,971,274
chr2,157560635,158533218,region227,1,1,0,486,973,275
chr11,26045753,27020461,region1113,1,1,0,487,975,276
chr16,81772536,82747728,region1475,1,1,0,488,975,277
chr20,39610856,40585689,region1642,1,1,0,487,975,278
chr1,48002576,48978188,region30,1,1,0,488,976,279
chr12,11754846,12733528,region1190,1,1,0,489,979,280
chr5,168525318,169505664,region622,1,1,0,490,980,281
chr2,224859419,225840004,region265,1,1,0,490,981,282
chr14,55233681,56216880,region1347,1,1,0,492,983,283
chr14,50507760,51493572,region1343,1,1,0,493,986,284
chr5,178413464,179401244,region629,1,1,0,494,988,285
chr14,86647002,87635341,region1366,1,1,0,494,988,286
chr17,7317398,8306425,region1490,1,1,0,495,989,287
chr3,68286914,69276762,region323,1,1,0,495,990,288
chr3,109522395,110513770,region345,1,1,0,496,991,289
chr7,140235210,141226557,region830,1,1,0,496,991,290
chr18,26875587,27866478,region1546,1,1,0,495,991,291
chr10,91013381,92006581,region1067,1,1,0,497,993,292
chr4,89238028,90231564,region459,1,1,0,497,994,293
chr6,5791472,6785207,region637,1,1,0,497,994,294
chr17,3702312,4696261,region1487,1,1,0,497,994,295
chr11,123500117,124495528,region1171,1,1,0,498,995,296
chr8,5146927,6142797,region851,1,1,0,498,996,297
chr9,129059665,130055510,region1001,1,1,0,498,996,298
chr3,65273538,66270447,region321,1,1,0,498,997,299
chr16,17644749,18643607,region1446,1,1,0,499,999,300
chr3,6083183,7083387,region282,1,0,0,500,1000,301
chr6,118963115,119963278,region710,1,0,0,500,1000,302
chr18,68621179,69621618,region1571,1,0,0,500,1000,303
chr5,114830370,115831047,region590,1,0,0,500,1001,304
chr1,11777841,12779466,region9,1,0,0,501,1002,305
chr16,5891580,6893551,region1435,1,0,0,501,1002,306
chr4,2842979,3846040,region403,1,0,0,502,1003,307
chr7,100196651,101199253,region805,1,0,0,501,1003,308
chr2,43309590,44313803,region160,1,0,0,502,1004,309
chr8,69863057,70867979,region893,1,0,0,502,1005,310
chr11,126311320,127316679,region1173,1,0,0,503,1005,311
chr16,74971503,75977954,region1469,1,0,0,503,1006,312
chr1,114873845,115880593,region71,1,0,0,503,1007,313
chr6,1452362,2458936,region633,1,0,0,503,1007,314
chr16,85148685,86156599,region1479,1,0,0,504,1008,315
chr8,6142797,7153079,region852,1,0,0,505,1010,316
chr8,55945581,56956383,region885,1,0,0,505,1011,317
chr8,75445064,76456542,region897,1,0,0,506,1011,318
chr1,237555628,238567807,region125,1,0,0,506,1012,319
chr14,34846251,35859593,region1332,1,0,0,507,1013,320
chr6,107450306,108464380,region703,1,0,0,507,1014,321
chr1,102898745,103914211,region64,1,0,0,508,1015,322
chr4,138541971,139556511,region490,1,0,0,507,1015,323
chr19,13471127,14486347,region1589,1,0,0,508,1015,324
chr13,111232073,112247592,region1321,1,0,0,508,1016,325
chr2,52491133,53508452,region167,1,0,0,509,1017,326
chr1,240564091,241582220,region128,1,0,0,509,1018,327
chr6,167024733,168042835,region740,1,0,0,509,1018,328
chr8,40703337,41721454,region878,1,0,0,509,1018,329
chr12,61107,1080331,region1180,1,0,0,510,1019,330
chr8,62329099,63349306,region889,1,0,0,510,1020,331
chr12,80448150,81467767,region1228,1,0,0,510,1020,332
chr12,131786751,132807034,region1260,1,0,0,510,1020,333
chr13,35026464,36046367,region1273,1,0,0,510,1020,334
chr2,107408267,108429177,region197,1,0,0,510,1021,335
chr17,38877404,39899810,region1507,1,0,0,511,1022,336
chr6,138822629,139845436,region723,1,0,0,511,1023,337
chr22,42690818,43714200,region1697,1,0,0,512,1023,338
chr6,6785207,7808936,region638,1,0,0,512,1024,339
chr1,58865399,59890409,region37,1,0,0,513,1025,340
chr1,99800604,100826405,region61,1,0,0,513,1026,341
chr7,96073508,97099570,region802,1,0,0,513,1026,342
chr5,162743908,163771582,region618,1,0,0,514,1028,343
chr19,19877471,20905757,region1594,1,0,0,514,1028,344
chr10,134494673,135523865,region1095,1,0,0,515,1029,345
chr18,912486,1942911,region1532,1,0,0,515,1030,346
chr18,22996651,24026191,region1543,1,0,0,515,1030,347
chr20,40585689,41615460,region1643,1,0,0,515,1030,348
chr20,7084073,8117011,region1623,1,0,0,516,1033,349
chr7,45952922,46986720,region777,1,0,0,517,1034,350
chr8,10422,1044217,region843,1,0,0,517,1034,351
chr12,132807034,133841511,region1261,1,0,0,517,1034,352
chr17,76263413,77298636,region1527,1,0,0,518,1035,353
chr22,34494914,35530985,region1692,1,0,0,518,1036,354
chr2,242149921,243188920,region277,1,0,0,519,1039,355
chr5,104851483,105893055,region583,1,0,0,521,1042,356
chr22,26791628,27834752,region1687,1,0,0,522,1043,357
chr2,158533218,159577082,region228,1,0,0,522,1044,358
chr6,3573593,4617817,region635,1,0,0,522,1044,359
chr2,18647423,19692404,region144,1,0,0,522,1045,360
chr17,4696261,5741334,region1488,1,0,0,523,1045,361
chr7,53176312,54222976,region781,1,0,0,523,1047,362
chr19,46102697,47150082,region1610,1,0,0,524,1047,363
chr12,117087471,118135375,region1251,1,0,0,524,1048,364
chr6,39295677,40345115,region662,1,0,0,525,1049,365
chr12,113986709,115036602,region1248,1,0,0,525,1050,366
chr18,66125817,67175820,region1569,1,0,0,525,1050,367
chr8,41721454,42773823,region879,1,0,0,526,1052,368
chr3,94255316,95311971,region337,1,0,0,528,1057,369
chr9,132165470,133223217,region1003,1,0,0,529,1058,370
chr19,36469295,37527033,region1603,1,0,0,529,1058,371
chr5,118608820,119669042,region593,1,0,0,530,1060,372
chr6,29737971,30798168,region655,1,0,0,530,1060,373
chr3,145664619,146726629,region367,1,0,0,531,1062,374
chr6,21684065,22748307,region647,1,0,0,532,1064,375
chr9,33578334,34642243,region962,1,0,0,532,1064,376
chr20,41615460,42680176,region1644,1,0,0,532,1065,377
chr10,119523934,120591353,region1083,1,0,0,534,1067,378
chr15,34015425,35083251,region1389,1,0,0,534,1068,379
chr6,52210476,53279102,region670,1,0,0,534,1069,380
chr12,15241484,16310460,region1192,1,0,0,534,1069,381
chr3,46657500,47727212,region310,1,0,0,535,1070,382
chr9,10023,1079707,region937,1,0,0,535,1070,383
chr6,129861031,130935454,region717,1,0,0,537,1074,384
chr15,37456502,38530777,region1391,1,0,0,537,1074,385
chr10,84383745,85458703,region1063,1,0,0,537,1075,386
chr6,47311898,48391125,region667,1,0,0,540,1079,387
chr11,3665481,4746709,region1098,1,0,0,541,1081,388
chr2,105125034,106210058,region195,1,0,0,543,1085,389
chr3,55348860,56433907,region315,1,0,0,543,1085,390
chr2,30463711,31550450,region152,1,0,0,543,1087,391
chr5,16963613,18051592,region534,1,0,0,544,1088,392
chr5,79393144,80481471,region568,1,0,0,544,1088,393
chr12,96020785,97108839,region1236,1,0,0,544,1088,394
chr4,71049152,72140558,region448,1,0,0,546,1091,395
chr10,115328432,116421406,region1081,1,0,0,546,1093,396
chr16,11520161,12613098,region1441,1,0,0,546,1093,397
chr7,112618684,113712387,region812,1,0,0,547,1094,398
chr16,10426032,11520161,region1440,1,0,0,547,1094,399
chr3,150252004,151348730,region370,1,0,0,548,1097,400
chr10,2254500,3352699,region1014,1,0,0,549,1098,401
chr12,5321472,6419753,region1185,1,0,0,549,1098,402
chr4,169676825,170776510,region509,1,0,0,550,1100,403
chr18,56530220,57630483,region1562,1,0,0,550,1100,404
chr7,154964730,156065250,region840,1,0,0,550,1101,405
chr12,101862690,102964986,region1240,1,0,0,551,1102,406
chr1,46899501,48002576,region29,1,0,0,552,1103,407
chr14,83138097,84241633,region1363,1,0,0,552,1104,408
chr3,195971408,197075987,region398,1,0,0,552,1105,409
chr6,25684587,26791233,region651,1,0,0,553,1107,410
chr17,50719055,51826118,region1514,1,0,0,554,1107,411
chr2,124732250,125840921,region205,1,0,0,554,1109,412
chr21,20962339,22072764,region1660,1,0,0,555,1110,413
chr6,31571218,32682664,region657,1,0,0,556,1111,414
chr11,90966490,92077144,region1146,1,0,0,555,1111,415
chr11,6322869,7436701,region1100,1,0,0,557,1114,416
chr6,2458936,3573593,region634,1,0,0,557,1115,417
chr8,53302930,54418044,region883,1,0,0,558,1115,418
chr15,69017999,70133341,region1411,1,0,0,558,1115,419
chr2,88038507,89154526,region188,1,0,0,558,1116,420
chr16,4001196,5118345,region1433,1,0,0,559,1117,421
chr4,55429556,56547644,region439,1,0,0,559,1118,422
chr17,13894637,15019097,region1496,1,0,0,562,1124,423
chr19,54602362,55728080,region1615,1,0,0,563,1126,424
chr22,46470495,47596318,region1700,1,0,0,563,1126,425
chr5,26857604,27984513,region540,1,0,0,563,1127,426
chr2,5708337,6836254,region137,1,0,0,564,1128,427
chr2,68010176,69139564,region178,1,0,0,565,1129,428
chr4,178991910,180122043,region514,1,0,0,565,1130,429
chr15,20001200,21131604,region1380,1,0,0,565,1130,430
chr12,69826542,70957987,region1222,1,0,0,566,1131,431
chr3,112815699,113947863,region347,1,0,0,566,1132,432
chr12,2544786,3677037,region1182,1,0,0,566,1132,433
chr13,54682864,55817131,region1285,1,0,0,567,1134,434
chr1,196176201,197311514,region100,1,0,0,568,1135,435
chr4,80990297,82125315,region453,1,0,0,568,1135,436
chr17,9965921,11102815,region1492,1,0,0,568,1137,437
chr12,129237297,130377921,region1258,1,0,0,570,1141,438
chr11,70855,1213590,region1096,1,0,0,571,1143,439
chr15,93780902,94924330,region1423,1,0,0,572,1143,440
chr1,188759945,189904130,region96,1,0,0,572,1144,441
chr16,60054,1207206,region1430,1,0,0,574,1147,442
chr19,40984601,42131573,region1606,1,0,0,573,1147,443
chr5,158825698,159973944,region615,1,0,0,574,1148,444
chr5,982252,2132442,region523,1,0,0,575,1150,445
chr6,88822140,89973052,region691,1,0,0,575,1151,446
chr10,128001098,129154362,region1089,1,0,0,577,1153,447
chr20,58406572,59561724,region1652,1,0,0,578,1155,448
chr7,42001811,43159074,region774,1,0,0,579,1157,449
chr3,98215950,99373762,region339,1,0,0,579,1158,450
chr5,179401244,180559933,region630,1,0,0,579,1159,451
chr5,110821144,111981562,region587,1,0,0,580,1160,452
chr17,80034408,81194908,region1530,1,0,0,580,1160,453
chr5,177251507,178413464,region628,1,0,0,581,1162,454
chr19,14486347,15648610,region1590,1,0,0,581,1162,455
chr16,79134815,80297374,region1473,1,0,0,581,1163,456
chr18,74813815,75976317,region1576,1,0,0,581,1163,457
chr18,19485844,20649472,region1541,1,0,0,582,1164,458
chr2,76913661,78079264,region183,1,0,0,583,1166,459
chr4,127830293,128996665,region483,1,0,0,583,1166,460
chr8,28162392,29327896,region870,1,0,0,583,1166,461
chr1,233429284,234599434,region122,1,0,0,585,1170,462
chr5,5973233,7143218,region527,1,0,0,585,1170,463
chr9,86938196,88109333,region978,1,0,0,586,1171,464
chr9,134127888,135298842,region1005,1,0,0,585,1171,465
chr3,69276762,70449028,region324,1,0,0,586,1172,466
chr9,24158518,25330810,region954,1,0,0,586,1172,467
chr17,56,1172399,region1484,1,0,0,586,1172,468
chr12,72645075,73818454,region1224,1,0,0,587,1173,469
chr4,8152235,9326479,region409,1,0,0,587,1174,470
chr6,4617817,5791472,region636,1,0,0,587,1174,471
chr18,75976317,77149991,region1577,1,0,0,587,1174,472
chr20,38436761,39610856,region1641,1,0,0,587,1174,473
chr2,53508452,54685226,region168,1,0,0,588,1177,474
chr14,65220298,66399555,region1353,1,0,0,590,1179,475
chr10,18537267,19716878,region1025,1,0,0,590,1180,476
chr3,172295731,173477285,region383,1,0,0,591,1182,477
chr6,151912703,153094496,region730,1,0,0,591,1182,478
chr1,37549183,38731847,region23,1,0,0,591,1183,479
chr3,194786674,195971408,region397,1,0,0,592,1185,480
chr5,57340073,58524622,region556,1,0,0,592,1185,481
chr21,43321528,44506268,region1676,1,0,0,592,1185,482
chr6,22748307,23936619,region648,1,0,0,594,1188,483
chr7,138744679,139933177,region828,1,0,0,594,1188,484
chr10,5983762,7171484,region1017,1,0,0,594,1188,485
chr7,44763828,45952922,region776,1,0,0,595,1189,486
chr10,87937577,89127064,region1065,1,0,0,595,1189,487
chr2,177363636,178553183,region240,1,0,0,595,1190,488
chr2,238760981,239952643,region274,1,0,0,596,1192,489
chr8,143044914,144236881,region935,1,0,0,596,1192,490
chr14,93132299,94325285,region1370,1,0,0,596,1193,491
chr4,165823448,167018858,region506,1,0,0,598,1195,492
chr17,78837588,80034408,region1529,1,0,0,598,1197,493
chr2,106210058,107408267,region196,1,0,0,599,1198,494
chr6,81929222,83127149,region687,1,0,0,599,1198,495
chr20,11249536,12447499,region1626,1,0,0,599,1198,496
chr8,25483454,26682525,region868,1,0,0,600,1199,497
chr11,92077144,93276157,region1147,1,0,0,600,1199,498
chr20,31614823,32813441,region1637,1,0,0,599,1199,499
chr3,35283458,36486842,region303,1,0,0,602,1203,500
chr4,117276929,118479918,region474,1,0,0,601,1203,501
chr6,164383521,165586864,region738,1,0,0,602,1203,502
chr3,175116539,176320287,region385,1,0,0,602,1204,503
chr5,55417349,56621102,region554,1,0,0,602,1204,504
chr5,165642395,166847740,region620,1,0,0,603,1205,505
chr11,133000046,134205993,region1178,1,0,0,603,1206,506
chr6,137614218,138822629,region722,1,0,0,604,1208,507
chr3,149043237,150252004,region369,1,0,0,604,1209,508
chr1,68477895,69687616,region43,1,0,0,605,1210,509
chr1,43758457,44969183,region27,1,0,0,605,1211,510
chr6,7808936,9020026,region639,1,0,0,606,1211,511
chr8,111850847,113064320,region918,1,0,0,607,1213,512
chr15,98030910,99244059,region1426,1,0,0,607,1213,513
chr18,33861964,35075250,region1550,1,0,0,607,1213,514
chr1,100826405,102041016,region62,1,0,0,607,1215,515
chr3,84367479,85582231,region333,1,0,0,607,1215,516
chr3,81427310,82643886,region331,1,0,0,608,1217,517
chr15,94924330,96141596,region1424,1,0,0,609,1217,518
chr3,99373762,100592217,region340,1,0,0,609,1218,519
chr10,36572508,37790029,region1037,1,0,0,609,1218,520
chr8,133351144,134570001,region929,1,0,0,609,1219,521
chr1,234599434,235819436,region123,1,0,0,610,1220,522
chr10,3352699,4572274,region1015,1,0,0,610,1220,523
chr4,188472981,189693511,region520,1,0,0,610,1221,524
chr4,43965045,45189157,region434,1,0,0,612,1224,525
chr22,31439918,32664986,region1690,1,0,0,613,1225,526
chr2,56203345,57429100,region170,1,0,0,613,1226,527
chr13,29257551,30483267,region1269,1,0,0,613,1226,528
chr6,26791233,28017819,region652,1,0,0,613,1227,529
chr5,2132442,3361941,region524,1,0,0,615,1229,530
chr13,63971559,65200602,region1292,1,0,0,615,1229,531
chr9,84211233,85440801,region976,1,0,0,615,1230,532
chr14,24905123,26135686,region1327,1,0,0,615,1231,533
chr2,198078110,199311125,region250,1,0,0,617,1233,534
chr19,28557893,29790947,region1598,1,0,0,617,1233,535
chr3,17891118,19125144,region290,1,0,0,617,1234,536
chr4,36020436,37255047,region429,1,0,0,617,1235,537
chr4,163243679,164478234,region504,1,0,0,617,1235,538
chr7,6573857,7808752,region752,1,0,0,617,1235,539
chr8,21661737,22897057,region865,1,0,0,618,1235,540
chr8,109248173,110484314,region916,1,0,0,618,1236,541
chr14,53997831,55233681,region1346,1,0,0,618,1236,542
chr16,2764829,4001196,region1432,1,0,0,618,1236,543
chr8,107410754,108648177,region914,1,0,0,619,1237,544
chr6,80691170,81929222,region686,1,0,0,619,1238,545
chr22,39307894,40545797,region1695,1,0,0,619,1238,546
chr5,122556905,123798100,region596,1,0,0,621,1241,547
chr2,201576284,202818637,region252,1,0,0,621,1242,548
chr20,12447499,13689864,region1627,1,0,0,621,1242,549
chr2,29217559,30463711,region151,1,0,0,623,1246,550
chr3,143164628,144410816,region365,1,0,0,623,1246,551
chr4,82125315,83372593,region454,1,0,0,624,1247,552
chr11,109866116,111114397,region1160,1,0,0,624,1248,553
chr7,12635461,13884202,region757,1,0,0,624,1249,554
chr2,39031337,40281483,region158,1,0,0,625,1250,555
chr6,10540317,11790816,region641,1,0,0,625,1250,556
chr13,33776903,35026464,region1272,1,0,0,625,1250,557
chr2,228119842,229370787,region267,1,0,0,625,1251,558
chr13,24531937,25784362,region1266,1,0,0,626,1252,559
chr16,89041165,90292812,region1483,1,0,0,626,1252,560
chr15,58441366,59694116,region1405,1,0,0,626,1253,561
chr3,144410816,145664619,region366,1,0,0,627,1254,562
chr4,99424067,100678360,region465,1,0,0,627,1254,563
chr5,155373505,156628700,region613,1,0,0,628,1255,564
chr8,65232872,66489090,region891,1,0,0,628,1256,565
chr18,5834180,7090485,region1535,1,0,0,628,1256,566
chr18,59020751,60277715,region1564,1,0,0,628,1257,567
chr2,169968236,171226245,region236,1,0,0,629,1258,568
chr8,130381139,131639625,region927,1,0,0,629,1258,569
chr4,157485097,158743718,region500,1,0,0,629,1259,570
chr7,13884202,15143657,region758,1,0,0,630,1259,571
chr5,161482133,162743908,region617,1,0,0,631,1262,572
chr5,117346213,118608820,region592,1,0,0,631,1263,573
chr12,51776494,53039004,region1211,1,0,0,631,1263,574
chr14,56216880,57481262,region1348,1,0,0,632,1264,575
chr1,20469149,21736588,region14,1,0,0,634,1267,576
chr3,54081390,55348860,region314,1,0,0,634,1267,577
chr3,178107165,179374586,region387,1,0,0,634,1267,578
chr1,165191702,166460517,region83,1,0,0,634,1269,579
chr4,125210862,126480886,region480,1,0,0,635,1270,580
chr5,3361941,4632110,region525,1,0,0,635,1270,581
chr4,5502388,6773043,region406,1,0,0,635,1271,582
chr5,8446336,9718832,region529,1,0,0,636,1272,583
chr22,23712647,24984204,region1685,1,0,0,636,1272,584
chr9,1916877,3190064,region939,1,0,0,637,1273,585
chr12,10481534,11754846,region1189,1,0,0,637,1273,586
chr14,40341990,41615502,region1335,1,0,0,637,1274,587
chr3,124936642,126214943,region355,1,0,0,639,1278,588
chr22,43714200,44995308,region1698,1,0,0,641,1281,589
chr7,134307596,135591083,region825,1,0,0,642,1283,590
chr2,75630086,76913661,region182,1,0,0,642,1284,591
chr7,135591083,136876562,region826,1,0,0,643,1285,592
chr17,41772087,43056905,region1509,1,0,0,642,1285,593
chr12,47714793,49001866,region1209,1,0,0,644,1287,594
chr18,73526987,74813815,region1575,1,0,0,643,1287,595
chr10,72220850,73508512,region1057,1,0,0,644,1288,596
chr6,117672972,118963115,region709,1,0,0,645,1290,597
chr18,35075250,36365490,region1551,1,0,0,645,1290,598
chr21,22072764,23362875,region1661,1,0,0,645,1290,599
chr7,153674019,154964730,region839,1,0,0,645,1291,600
chr2,65933444,67226166,region176,1,0,0,646,1293,601
chr5,13464832,14757804,region532,1,0,0,646,1293,602
chr3,154714218,156008700,region373,1,0,0,647,1294,603
chr2,208645399,209941529,region256,1,0,0,648,1296,604
chr4,38907022,40202609,region431,1,0,0,648,1296,605
chr10,57662146,58959528,region1047,1,0,0,649,1297,606
chr3,183769683,185068255,region390,1,0,0,649,1299,607
chr21,35225465,36524373,region1670,1,0,0,649,1299,608
chr3,27840910,29142260,region298,1,0,0,651,1301,609
chr9,7154923,8456299,region944,1,0,0,651,1301,610
chr3,156008700,157312028,region374,1,0,0,652,1303,611
chr5,7143218,8446336,region528,1,0,0,652,1303,612
chr4,182066807,183371275,region516,1,0,0,652,1304,613
chr9,3190064,4495328,region940,1,0,0,653,1305,614
chr22,47596318,48903703,region1701,1,0,0,654,1307,615
chr2,64625913,65933444,region175,1,0,0,654,1308,616
chr10,25578596,26888684,region1029,1,0,0,655,1310,617
chr16,13154437,14464002,region1443,1,0,0,655,1310,618
chr12,109025901,110336719,region1245,1,0,0,655,1311,619
chr2,237449032,238760981,region273,1,0,0,656,1312,620
chr7,9987499,11299198,region755,1,0,0,656,1312,621
chr3,62355666,63669286,region319,1,0,0,657,1314,622
chr4,107501305,108815348,region469,1,0,0,657,1314,623
chr7,7808752,9123423,region753,1,0,0,657,1315,624
chr21,46177105,47492226,region1678,1,0,0,658,1315,625
chr18,55213838,56530220,region1561,1,0,0,658,1316,626
chr18,36365490,37684367,region1552,1,0,0,659,1319,627
chr11,106520894,107844200,region1157,1,0,0,662,1323,628
chr13,112247592,113572488,region1322,1,0,0,662,1325,629
chr9,115693145,117019801,region994,1,0,0,663,1327,630
chr4,30454535,31782981,region425,1,0,0,664,1328,631
chr10,92006581,93335047,region1068,1,0,0,664,1328,632
chr4,90231564,91560677,region460,1,0,0,665,1329,633
chr19,3019660,4348967,region1582,1,0,0,665,1329,634
chr10,58959528,60289987,region1048,1,0,0,665,1330,635
chr3,170964909,172295731,region382,1,0,0,665,1331,636
chr11,95726041,97057058,region1150,1,0,0,666,1331,637
chr14,77229472,78561945,region1359,1,0,0,666,1332,638
chr1,5913893,7247335,region5,1,0,0,667,1333,639
chr6,148920352,150253404,region728,1,0,0,667,1333,640
chr21,23362875,24696231,region1662,1,0,0,667,1333,641
chr7,11299198,12635461,region756,1,0,0,668,1336,642
chr1,232090252,233429284,region121,1,0,0,670,1339,643
chr6,168042835,169382050,region741,1,0,0,670,1339,644
chr14,105001723,106340358,region1378,1,0,0,669,1339,645
chr5,4632110,5973233,region526,1,0,0,671,1341,646
chr5,22152073,23494324,region537,1,0,0,671,1342,647
chr7,36213538,37555184,region770,1,0,0,671,1342,648
chr13,53339622,54682864,region1284,1,0,0,672,1343,649
chr9,104624437,105967976,region987,1,0,0,672,1344,650
chr4,164478234,165823448,region505,1,0,0,673,1345,651
chr11,111114397,112459488,region1161,1,0,0,673,1345,652
chr1,203334734,204681068,region105,1,0,0,673,1346,653
chr2,23341383,24686918,region147,1,0,0,673,1346,654
chr6,145319810,146665424,region726,1,0,0,673,1346,655
chr21,36524373,37870779,region1671,1,0,0,673,1346,656
chr6,102636772,103983395,region700,1,0,0,673,1347,657
chr16,52035823,53382572,region1457,1,0,0,673,1347,658
chr1,21736588,23086883,region15,1,0,0,675,1350,659
chr4,189693511,191043594,region521,1,0,0,675,1350,660
chr9,137589364,138938978,region1008,1,0,0,675,1350,661
chr5,95963519,97315601,region578,1,0,0,676,1352,662
chr3,115447080,116800153,region349,1,0,0,677,1353,663
chr13,22242174,23594702,region1264,1,0,0,676,1353,664
chr22,22357325,23712647,region1684,1,0,0,678,1355,665
chr11,21017138,22374142,region1110,1,0,0,679,1357,666
chr1,238567807,239925314,region126,1,0,0,679,1358,667
chr2,19692404,21050490,region145,1,0,0,679,1358,668
chr4,96182188,97540703,region463,1,0,0,679,1359,669
chr19,44744108,46102697,region1609,1,0,0,679,1359,670
chr20,2469501,3828413,region1620,1,0,0,679,1359,671
chr11,70926292,72286017,region1135,1,0,0,680,1360,672
chr12,127875098,129237297,region1257,1,0,0,681,1362,673
chr4,1478711,2842979,region402,1,0,0,682,1364,674
chr11,116383348,117747110,region1165,1,0,0,682,1364,675
chr8,110484314,111850847,region917,1,0,0,683,1367,676
chr3,188856214,190226607,region393,1,0,0,685,1370,677
chr5,107264196,108633934,region585,1,0,0,685,1370,678
chr12,37856717,39227169,region1203,1,0,0,685,1370,679
chr5,105893055,107264196,region584,1,0,0,686,1371,680
chr4,9326479,10699152,region410,1,0,0,686,1373,681
chr17,31538425,32912798,region1503,1,0,0,687,1374,682
chr18,42922106,44299246,region1555,1,0,0,689,1377,683
chr6,73924,1452362,region632,1,0,0,689,1378,684
chr13,37498185,38878163,region1275,1,0,0,690,1380,685
chr5,139265072,140645971,region604,1,0,0,690,1381,686
chr16,57664330,59045405,region1460,1,0,0,691,1381,687
chr3,60157,1441779,region278,1,0,0,691,1382,688
chr3,74321817,75704949,region327,1,0,0,692,1383,689
chr3,139954597,141339097,region363,1,0,0,692,1384,690
chr5,35048970,36433954,region545,1,0,0,692,1385,691
chr2,154005056,155391135,region225,1,0,0,693,1386,692
chr7,146427960,147815318,region834,1,0,0,694,1387,693
chr4,31782981,33172766,region426,1,0,0,695,1390,694
chr6,136224177,137614218,region721,1,0,0,695,1390,695
chr18,57630483,59020751,region1563,1,0,0,695,1390,696
chr1,204681068,206073265,region106,1,0,0,696,1392,697
chr15,51677560,53069096,region1400,1,0,0,696,1392,698
chr14,80186579,81579714,region1361,1,0,0,697,1393,699
chr15,99244059,100636847,region1427,1,0,0,696,1393,700
chr17,15019097,16412342,region1497,1,0,0,697,1393,701
chr6,106056733,107450306,region702,1,0,0,697,1394,702
chr6,120512128,121905676,region712,1,0,0,697,1394,703
chr16,87647349,89041165,region1482,1,0,0,697,1394,704
chr8,15991660,17387876,region860,1,0,0,698,1396,705
chr9,109298754,110695062,region990,1,0,0,698,1396,706
chr1,244109499,245506746,region131,1,0,0,699,1397,707
chr9,10879253,12276489,region947,1,0,0,699,1397,708
chr13,77410555,78808813,region1299,1,0,0,699,1398,709
chr10,33707968,35109355,region1035,1,0,0,701,1401,710
chr2,138698117,140100271,region215,1,0,0,701,1402,711
chr13,104844114,106247554,region1315,1,0,0,702,1403,712
chr1,230685255,232090252,region120,1,0,0,702,1405,713
chr2,236043550,237449032,region272,1,0,0,703,1405,714
chr14,43137389,44543227,region1337,1,0,0,703,1406,715
chr18,7090485,8498931,region1536,1,0,0,704,1408,716
chr12,130377921,131786751,region1259,1,0,0,704,1409,717
chr11,69516130,70926292,region1134,1,0,0,705,1410,718
chr10,4572274,5983762,region1016,1,0,0,706,1411,719
chr7,37555184,38966703,region771,1,0,0,706,1412,720
chr5,111981562,113396285,region588,1,0,0,707,1415,721
chr3,25461558,26877769,region296,1,0,0,708,1416,722
chr3,131836516,133252173,region359,1,0,0,708,1416,723
chr11,121175943,122591910,region1169,1,0,0,708,1416,724
chr4,161826435,163243679,region503,1,0,0,709,1417,725
chr13,109815112,111232073,region1320,1,0,0,708,1417,726
chr18,69621618,71038474,region1572,1,0,0,708,1417,727
chr5,90422654,91840542,region575,1,0,0,709,1418,728
chr3,123517768,124936642,region354,1,0,0,709,1419,729
chr6,11790816,13209388,region642,1,0,0,709,1419,730
chr22,49824534,51243298,region1703,1,0,0,709,1419,731
chr13,97519210,98938919,region1310,1,0,0,710,1420,732
chr8,70867979,72289454,region894,1,0,0,711,1421,733
chr15,42776399,44198049,region1395,1,0,0,711,1422,734
chr7,152249806,153674019,region838,1,0,0,712,1424,735
chr20,23293790,24717724,region1634,1,0,0,712,1424,736
chr14,94325285,95750867,region1371,1,0,0,713,1426,737
chr15,30165568,31591821,region1386,1,0,0,713,1426,738
chr4,83372593,84799656,region455,1,0,0,714,1427,739
chr21,18053165,19480375,region1658,1,0,0,714,1427,740
chr2,123302906,124732250,region204,1,0,0,715,1429,741
chr8,31548360,32977218,region873,1,0,0,714,1429,742
chr11,108437037,109866116,region1159,1,0,0,715,1429,743
chr14,21589402,23018665,region1325,1,0,0,715,1429,744
chr7,141226557,142656310,region831,1,0,0,715,1430,745
chr12,126445505,127875098,region1256,1,0,0,715,1430,746
chr14,63790015,65220298,region1352,1,0,0,715,1430,747
chr10,102949239,104380410,region1075,1,0,0,716,1431,748
chr13,96087558,97519210,region1309,1,0,0,716,1432,749
chr17,11102815,12534769,region1493,1,0,0,716,1432,750
chr5,113396285,114830370,region589,1,0,0,717,1434,751
chr1,110303931,111741737,region68,1,0,0,719,1438,752
chr6,165586864,167024733,region739,1,0,0,719,1438,753
chr15,53069096,54508528,region1401,1,0,0,720,1439,754
chr2,128034347,129474441,region208,1,0,0,720,1440,755
chr3,2992120,4431647,region280,1,0,0,720,1440,756
chr13,106750000,108189877,region1317,1,0,0,720,1440,757
chr1,9365199,10806984,region7,1,0,0,721,1442,758
chr18,67175820,68621179,region1570,1,0,0,723,1445,759
chr11,19569535,21017138,region1109,1,0,0,724,1448,760
chr10,30458838,31907519,region1033,1,0,0,724,1449,761
chr12,9031395,10481534,region1188,1,0,0,725,1450,762
chr3,120523055,121974097,region352,1,0,0,726,1451,763
chr8,93554386,95005527,region907,1,0,0,726,1451,764
chr1,200137649,201589975,region103,1,0,0,726,1452,765
chr6,162931203,164383521,region737,1,0,0,726,1452,766
chr13,36046367,37498185,region1274,1,0,0,726,1452,767
chr19,51532567,52985290,region1613,1,0,0,726,1453,768
chr4,118479918,119933512,region475,1,0,0,727,1454,769
chr5,9718832,11173271,region530,1,0,0,727,1454,770
chr6,156763326,158218719,region733,1,0,0,728,1455,771
chr4,15927009,17383322,region415,1,0,0,728,1456,772
chr8,85955619,87411709,region903,1,0,0,728,1456,773
chr3,153256571,154714218,region372,1,0,0,729,1458,774
chr4,17383322,18841874,region416,1,0,0,729,1459,775
chr4,66600492,68059497,region445,1,0,0,730,1459,776
chr16,25986862,27445755,region1451,1,0,0,729,1459,777
chr7,71874885,73334602,region790,1,0,0,730,1460,778
chr7,144968289,146427960,region833,1,0,0,730,1460,779
chr11,27020461,28481593,region1114,1,0,0,731,1461,780
chr16,8338519,9799419,region1438,1,0,0,730,1461,781
chr16,62229849,63691589,region1463,1,0,0,731,1462,782
chr10,35109355,36572508,region1036,1,0,0,732,1463,783
chr19,4348967,5811852,region1583,1,0,0,731,1463,784
chr3,167117429,168580960,region380,1,0,0,732,1464,785
chr12,1080331,2544786,region1181,1,0,0,732,1464,786
chr3,14816900,16282442,region288,1,0,0,733,1466,787
chr8,134570001,136035605,region930,1,0,0,733,1466,788
chr11,117747110,119215476,region1166,1,0,0,734,1468,789
chr12,124977980,126445505,region1255,1,0,0,734,1468,790
chr19,18409862,19877471,region1593,1,0,0,734,1468,791
chr1,38731847,40200567,region24,1,0,0,734,1469,792
chr7,54222976,55691584,region782,1,0,0,734,1469,793
chr1,169086324,170557776,region85,1,0,0,736,1471,794
chr8,139254830,140725643,region933,1,0,0,735,1471,795
chr21,31197025,32668642,region1667,1,0,0,736,1472,796
chr7,92493752,93966601,region800,1,0,0,736,1473,797
chr4,24135529,25609322,region420,1,0,0,737,1474,798
chr3,41064528,42540002,region307,1,0,0,738,1475,799
chr10,8774665,10249396,region1019,1,0,0,737,1475,800
chr13,32301815,33776903,region1271,1,0,0,738,1475,801
chr16,80297374,81772536,region1474,1,0,0,738,1475,802
chr22,44995308,46470495,region1699,1,0,0,738,1475,803
chr3,9543183,11019665,region285,1,0,0,738,1476,804
chr13,84133144,85610916,region1303,1,0,0,739,1478,805
chr14,101534307,103012102,region1376,1,0,0,739,1478,806
chr6,132765669,134244243,region719,1,0,0,739,1479,807
chr8,26682525,28162392,region869,1,0,0,740,1480,808
chr5,147181998,148662624,region608,1,0,0,740,1481,809
chr7,98715474,100196651,region804,1,0,0,741,1481,810
chr21,19480375,20962339,region1659,1,0,0,741,1482,811
chr11,94242260,95726041,region1149,1,0,0,742,1484,812
chr16,60745694,62229849,region1462,1,0,0,742,1484,813
chr5,38802410,40287729,region547,1,0,0,743,1485,814
chr20,17487232,18972203,region1630,1,0,0,742,1485,815
chr10,53616629,55103572,region1044,1,0,0,743,1487,816
chr19,610729,2098396,region1580,1,0,0,744,1488,817
chr8,136035605,137524151,region931,1,0,0,744,1489,818
chr16,16154060,17644749,region1445,1,0,0,745,1491,819
chr3,45165153,46657500,region309,1,0,0,746,1492,820
chr6,56105313,57599465,region673,1,0,0,747,1494,821
chr7,157634597,159128575,region842,1,0,0,747,1494,822
chr3,103084960,104581613,region342,1,0,0,748,1497,823
chr9,85440801,86938196,region977,1,0,0,749,1497,824
chr3,113947863,115447080,region348,1,0,0,750,1499,825
chr9,72753755,74253040,region968,1,0,0,750,1499,826
chr13,25784362,27284362,region1267,1,0,0,750,1500,827
chr7,51675322,53176312,region780,1,0,0,750,1501,828
chr5,87389991,88891530,region573,1,0,0,751,1502,829
chr7,132805848,134307596,region824,1,0,0,751,1502,830
chr14,49005471,50507760,region1342,1,0,0,751,1502,831
chr14,84241633,85746319,region1364,1,0,0,752,1505,832
chr12,94514567,96020785,region1235,1,0,0,753,1506,833
chr14,28466533,29972145,region1329,1,0,0,753,1506,834
chr16,18643607,20150571,region1447,1,0,0,753,1507,835
chr5,159973944,161482133,region616,1,0,0,754,1508,836
chr11,68005825,69516130,region1133,1,0,0,755,1510,837
chr1,177433381,178944309,region89,1,0,0,755,1511,838
chr9,81079055,82590928,region974,1,0,0,756,1512,839
chr5,115831047,117346213,region591,1,0,0,758,1515,840
chr3,77508835,79024541,region329,1,0,0,758,1516,841
chr8,119685457,121201700,region921,1,0,0,758,1516,842
chr18,30264066,31780067,region1548,1,0,0,758,1516,843
chr19,32746520,34262952,region1601,1,0,0,758,1516,844
chr15,46618787,48136048,region1397,1,0,0,759,1517,845
chr2,54685226,56203345,region169,1,0,0,759,1518,846
chr2,152486782,154005056,region224,1,0,0,759,1518,847
chr20,9730921,11249536,region1625,1,0,0,759,1519,848
chr6,9020026,10540317,region640,1,0,0,760,1520,849
chr6,67329215,68849483,region678,1,0,0,760,1520,850
chr2,150210292,151731462,region222,1,0,0,761,1521,851
chr10,42372579,43894771,region1039,1,0,0,761,1522,852
chr14,41615502,43137389,region1336,1,0,0,761,1522,853
chr7,104159525,105682905,region808,1,0,0,762,1523,854
chr10,15026068,16551767,region1023,1,0,0,763,1526,855
chr12,64032461,65559695,region1218,1,0,0,764,1527,856
chr20,36909530,38436761,region1640,1,0,0,764,1527,857
chr4,139556511,141084631,region491,1,0,0,764,1528,858
chr8,54418044,55945581,region884,1,0,0,764,1528,859
chr8,72289454,73817199,region895,1,0,0,764,1528,860
chr1,229156248,230685255,region119,1,0,0,765,1529,861
chr8,95005527,96534806,region908,1,0,0,765,1529,862
chr17,67858770,69387817,region1523,1,0,0,765,1529,863
chr20,15958359,17487232,region1629,1,0,0,764,1529,864
chr5,88891530,90422654,region574,1,0,0,766,1531,865
chr5,103320005,104851483,region582,1,0,0,766,1531,866
chr1,111741737,113273306,region69,1,0,0,766,1532,867
chr8,82693739,84225589,region901,1,0,0,766,1532,868
chr20,20959710,22491456,region1632,1,0,0,766,1532,869
chr1,4380811,5913893,region4,1,0,0,767,1533,870
chr1,61922365,63455089,region39,1,0,0,766,1533,871
chr2,125840921,127373764,region206,1,0,0,766,1533,872
chr2,103588215,105125034,region194,1,0,0,768,1537,873
chr13,113572488,115109853,region1323,1,0,0,769,1537,874
chr1,66939404,68477895,region42,1,0,0,769,1538,875
chr7,150711505,152249806,region837,1,0,0,769,1538,876
chr10,80876749,82414679,region1061,1,0,0,769,1538,877
chr14,44543227,46081896,region1338,1,0,0,769,1539,878
chr17,77298636,78837588,region1528,1,0,0,769,1539,879
chr15,56901773,58441366,region1404,1,0,0,770,1540,880
chr6,116131396,117672972,region708,1,0,0,771,1542,881
chr6,77414881,78957728,region684,1,0,0,771,1543,882
chr18,60277715,61820252,region1565,1,0,0,771,1543,883
chr3,121974097,123517768,region353,1,0,0,772,1544,884
chr5,80481471,82025648,region569,1,0,0,772,1544,885
chr11,33958739,35502605,region1118,1,0,0,772,1544,886
chr5,61672995,63218987,region559,1,0,0,773,1546,887
chr9,88590417,90136246,region980,1,0,0,773,1546,888
chr16,75977954,77523678,region1470,1,0,0,773,1546,889
chr5,33500180,35048970,region544,1,0,0,774,1549,890
chr3,1441779,2992120,region279,1,0,0,775,1550,891
chr12,23820634,25371083,region1196,1,0,0,775,1550,892
chr11,119215476,120766806,region1167,1,0,0,776,1551,893
chr13,82581814,84133144,region1302,1,0,0,776,1551,894
chr3,20091348,21643707,region292,1,0,0,776,1552,895
chr4,53877433,55429556,region438,1,0,0,776,1552,896
chr8,89085481,90638162,region905,1,0,0,776,1553,897
chr11,114830666,116383348,region1164,1,0,0,776,1553,898
chr13,59302271,60854778,region1289,1,0,0,776,1553,899
chr13,20686720,22242174,region1263,1,0,0,778,1555,900
chr17,32912798,34469036,region1504,1,0,0,778,1556,901
chr18,71971462,73526987,region1574,1,0,0,778,1556,902
chr4,183371275,184929455,region517,1,0,0,779,1558,903
chr11,76797209,78355058,region1138,1,0,0,779,1558,904
chr14,81579714,83138097,region1362,1,0,0,779,1558,905
chr16,1207206,2764829,region1431,1,0,0,779,1558,906
chr5,125785649,127344604,region598,1,0,0,779,1559,907
chr8,37379389,38938806,region876,1,0,0,780,1559,908
chr9,32019368,33578334,region961,1,0,0,779,1559,909
chr2,214014282,215573795,region259,1,0,0,780,1560,910
chr6,65765742,67329215,region677,1,0,0,782,1563,911
chr4,186909090,188472981,region519,1,0,0,782,1564,912
chr3,7083387,8648561,region283,1,0,0,783,1565,913
chr1,154770403,156336133,region78,1,0,0,783,1566,914
chr5,52134622,53703044,region552,1,0,0,784,1568,915
chr6,123856181,125424383,region714,1,0,0,784,1568,916
chr5,169505664,171074292,region623,1,0,0,784,1569,917
chr7,156065250,157634597,region841,1,0,0,785,1569,918
chr2,80050403,81620841,region185,1,0,0,785,1570,919
chr7,116780178,118351581,region814,1,0,0,786,1571,920
chr15,59694116,61265836,region1406,1,0,0,786,1572,921
chr15,32441811,34015425,region1388,1,0,0,787,1574,922
chr3,29142260,30717955,region299,1,0,0,788,1576,923
chr9,28811584,30387392,region958,1,0,0,788,1576,924
chr11,4746709,6322869,region1099,1,0,0,788,1576,925
chr17,5741334,7317398,region1489,1,0,0,788,1576,926
chr11,62223771,63804569,region1130,1,0,0,790,1581,927
chr20,52472549,54055266,region1649,1,0,0,791,1583,928
chr12,115503216,117087471,region1250,1,0,0,792,1584,929
chr6,91843196,93428644,region693,1,0,0,793,1585,930
chr2,6836254,8422147,region138,1,0,0,793,1586,931
chr1,63455089,65041704,region40,1,0,0,793,1587,932
chr12,104848696,106436213,region1242,1,0,0,794,1588,933
chr6,160580497,162169564,region735,1,0,0,795,1589,934
chr12,39227169,40816185,region1204,1,0,0,795,1589,935
chr1,153180829,154770403,region77,1,0,0,795,1590,936
chr3,47727212,49316972,region311,1,0,0,795,1590,937
chr10,108726686,110317705,region1078,1,0,0,796,1591,938
chr16,27445755,29036613,region1452,1,0,0,795,1591,939
chr3,130244735,131836516,region358,1,0,0,796,1592,940
chr14,66399555,67992317,region1354,1,0,0,796,1593,941
chr6,13209388,14802924,region643,1,0,0,797,1594,942
chr13,44901409,46495214,region1279,1,0,0,797,1594,943
chr2,116772470,118367466,region201,1,0,0,797,1595,944
chr4,128996665,130591885,region484,1,0,0,798,1595,945
chr1,23920590,25516845,region17,1,0,0,798,1596,946
chr19,57521335,59118839,region1617,1,0,0,799,1598,947
chr5,134777401,136376050,region602,1,0,0,799,1599,948
chr15,41177514,42776399,region1394,1,0,0,799,1599,949
chr5,153773088,155373505,region612,1,0,0,800,1600,950
chr1,113273306,114873845,region70,1,0,0,800,1601,951
chr2,233550003,235150987,region270,1,0,0,800,1601,952
chr3,22204244,23804865,region294,1,0,0,800,1601,953
chr5,40287729,41888710,region548,1,0,0,800,1601,954
chr8,20060856,21661737,region864,1,0,0,800,1601,955
chr10,60289987,61891409,region1049,1,0,0,801,1601,956
chr10,96221243,97822357,region1071,1,0,0,801,1601,957
chr10,7171484,8774665,region1018,1,0,0,802,1603,958
chr17,61545589,63148128,region1520,1,0,0,801,1603,959
chr3,63669286,65273538,region320,1,0,0,802,1604,960
chr5,171074292,172678327,region624,1,0,0,802,1604,961
chr7,43159074,44763828,region775,1,0,0,802,1605,962
chr7,23471442,25077259,region764,1,0,0,803,1606,963
chr20,5477850,7084073,region1622,1,0,0,803,1606,964
chr2,239952643,241560084,region275,1,0,0,804,1607,965
chr9,79471208,81079055,region973,1,0,0,804,1608,966
chr3,16282442,17891118,region289,1,0,0,804,1609,967
chr1,84844495,86454751,region52,1,0,0,805,1610,968
chr1,181144121,182755356,region92,1,0,0,806,1611,969
chr4,115666246,117276929,region473,1,0,0,805,1611,970
chr11,10952027,12564229,region1104,1,0,0,806,1612,971
chr9,105967976,107581749,region988,1,0,0,807,1614,972
chr11,35502605,37116815,region1119,1,0,0,807,1614,973
chr20,8117011,9730921,region1624,1,0,0,807,1614,974
chr2,69139564,70755198,region179,1,0,0,808,1616,975
chr7,97099570,98715474,region803,1,0,0,808,1616,976
chr22,18296088,19912358,region1682,1,0,0,808,1616,977
chr15,92164392,93780902,region1422,1,0,0,808,1617,978
chr19,52985290,54602362,region1614,1,0,0,809,1617,979
chr12,118135375,119754110,region1252,1,0,0,809,1619,980
chr9,82590928,84211233,region975,1,0,0,810,1620,981
chr12,65559695,67181144,region1219,1,0,0,811,1621,982
chr5,85767290,87389991,region572,1,0,0,811,1623,983
chr4,10699152,12323034,region411,1,0,0,812,1624,984
chr22,16050408,17674295,region1680,1,0,0,812,1624,985
chr14,78561945,80186579,region1360,1,0,0,812,1625,986
chr4,122657987,124286481,region478,1,0,0,814,1628,987
chr8,73817199,75445064,region896,1,0,0,814,1628,988
chr2,196447456,198078110,region249,1,0,0,815,1631,989
chr4,60741087,62371763,region442,1,0,0,815,1631,990
chr3,30717955,32351715,region300,1,0,0,817,1634,991
chr2,212379518,214014282,region258,1,0,0,817,1635,992
chr7,76458564,78093859,region792,1,0,0,818,1635,993
chr13,98938919,100574095,region1311,1,0,0,818,1635,994
chr3,173477285,175116539,region384,1,0,0,820,1639,995
chr9,92528698,94167203,region982,1,0,0,819,1639,996
chr18,44299246,45939732,region1556,1,0,0,820,1640,997
chr17,45876022,47517400,region1511,1,0,0,821,1641,998
chr1,151538881,153180829,region76,1,0,0,821,1642,999
chr18,61820252,63463402,region1566,1,0,0,822,1643,1000
chr7,128778386,130422414,region822,1,0,0,822,1644,1001
chr9,139500342,141144796,region1010,1,0,0,822,1644,1002
chr1,94506191,96150893,region58,1,0,0,822,1645,1003
chr11,97057058,98705065,region1151,1,0,0,824,1648,1004
chr11,104873284,106520894,region1156,1,0,0,824,1648,1005
chr20,3828413,5477850,region1621,1,0,0,825,1649,1006
chr1,91886317,93536459,region56,1,0,0,825,1650,1007
chr6,43756169,45406563,region665,1,0,0,825,1650,1008
chr3,4431647,6083183,region281,1,0,0,826,1652,1009
chr4,37255047,38907022,region430,1,0,0,826,1652,1010
chr17,63148128,64800430,region1521,1,0,0,826,1652,1011
chr12,30512406,32165592,region1200,1,0,0,827,1653,1012
chr2,137042794,138698117,region214,1,0,0,828,1655,1013
chr8,17836399,19492840,region862,1,0,0,828,1656,1014
chr3,23804865,25461558,region295,1,0,0,828,1657,1015
chr6,150253404,151912703,region729,1,0,0,830,1659,1016
chr17,8306425,9965921,region1491,1,0,0,830,1659,1017
chr11,28481593,30141357,region1115,1,0,0,830,1660,1018
chr19,6684885,8347513,region1585,1,0,0,831,1663,1019
chr1,214578266,216243634,region111,1,0,0,833,1665,1020
chr13,19020013,20686720,region1262,1,0,0,833,1667,1021
chr4,131283821,132954033,region486,1,0,0,835,1670,1022
chr15,50008043,51677560,region1399,1,0,0,835,1670,1023
chr21,44506268,46177105,region1677,1,0,0,835,1671,1024
chr2,50818928,52491133,region166,1,0,0,836,1672,1025
chr6,61880512,63552888,region675,1,0,0,836,1672,1026
chr9,4884926,6557589,region942,1,0,0,836,1673,1027
chr1,86454751,88128631,region53,1,0,0,837,1674,1028
chr4,132954033,134628434,region487,1,0,0,837,1674,1029
chr8,87411709,89085481,region904,1,0,0,837,1674,1030
chr14,38667725,40341990,region1334,1,0,0,837,1674,1031
chr5,29714820,31390249,region542,1,0,0,838,1675,1032
chr5,166847740,168525318,region621,1,0,0,839,1678,1033
chr11,32276901,33958739,region1117,1,0,0,841,1682,1034
chr1,69687616,71372470,region44,1,0,0,842,1685,1035
chr12,70957987,72645075,region1223,1,0,0,844,1687,1036
chr12,84303844,85990426,region1231,1,0,0,843,1687,1037
chr16,22448904,24136875,region1449,1,0,0,844,1688,1038
chr15,90475551,92164392,region1421,1,0,0,844,1689,1039
chr1,1892607,3582736,region2,1,0,0,845,1690,1040
chr10,129154362,130844284,region1090,1,0,0,845,1690,1041
chr16,14464002,16154060,region1444,1,0,0,845,1690,1042
chr1,156336133,158027412,region79,1,0,0,846,1691,1043
chr7,55691584,57382638,region783,1,0,0,846,1691,1044
chr12,46024229,47714793,region1208,1,0,0,845,1691,1045
chr1,79661198,81354191,region49,1,0,0,846,1693,1046
chr6,40345115,42038721,region663,1,0,0,847,1694,1047
chr4,152782184,154477641,region497,1,0,0,848,1695,1048
chr16,59045405,60745694,region1461,1,0,0,850,1700,1049
chr4,18841874,20544557,region417,1,0,0,851,1703,1050
chr4,87534648,89238028,region458,1,0,0,852,1703,1051
chr17,72672203,74375560,region1525,1,0,0,852,1703,1052
chr2,26894985,28598777,region149,1,0,0,852,1704,1053
chr10,13321600,15026068,region1022,1,0,0,852,1704,1054
chr2,140100271,141805351,region216,1,0,0,853,1705,1055
chr4,172558635,174264132,region511,1,0,0,853,1705,1056
chr15,71922649,73628714,region1413,1,0,0,853,1706,1057
chr2,231843389,233550003,region269,1,0,0,853,1707,1058
chr21,32668642,34376999,region1668,1,0,0,854,1708,1059
chr8,131639625,133351144,region928,1,0,0,856,1712,1060
chr11,98705065,100417169,region1152,1,0,0,856,1712,1061
chr9,9166403,10879253,region946,1,0,0,856,1713,1062
chr5,53703044,55417349,region553,1,0,0,857,1714,1063
chr11,22374142,24088517,region1111,1,0,0,857,1714,1064
chr3,192343814,194059671,region395,1,0,0,858,1716,1065
chr6,42038721,43756169,region664,1,0,0,859,1717,1066
chr9,107581749,109298754,region989,1,0,0,859,1717,1067
chr15,86652905,88369943,region1419,1,0,0,859,1717,1068
chr8,128659111,130381139,region926,1,0,0,861,1722,1069
chr6,37572596,39295677,region661,1,0,0,862,1723,1070
chr3,56433907,58157519,region316,1,0,0,862,1724,1071
chr3,82643886,84367479,region332,1,0,0,862,1724,1072
chr13,100574095,102300523,region1312,1,0,0,863,1726,1073
chr3,161524504,163253205,region377,1,0,0,864,1729,1074
chr3,116800153,118530251,region350,1,0,0,865,1730,1075
chr5,27984513,29714820,region541,1,0,0,865,1730,1076
chr8,84225589,85955619,region902,1,0,0,865,1730,1077
chr8,137524151,139254830,region932,1,0,0,865,1731,1078
chr19,42131573,43862455,region1607,1,0,0,865,1731,1079
chr6,78957728,80691170,region685,1,0,0,867,1733,1080
chr1,96150893,97885249,region59,1,0,0,867,1734,1081
chr2,161769733,163503551,region230,1,0,0,867,1734,1082
chr4,25609322,27343722,region421,1,0,0,867,1734,1083
chr2,3973779,5708337,region136,1,0,0,867,1735,1084
chr1,212842330,214578266,region110,1,0,0,868,1736,1085
chr1,235819436,237555628,region124,1,0,0,868,1736,1086
chr13,73934089,75670143,region1297,1,0,0,868,1736,1087
chr13,55817131,57554217,region1286,1,0,0,869,1737,1088
chr22,37570269,39307894,region1694,1,0,0,869,1738,1089
chr12,53039004,54778823,region1212,1,0,0,870,1740,1090
chr13,75670143,77410555,region1298,1,0,0,870,1740,1091
chr20,59561724,61301855,region1653,1,0,0,870,1740,1092
chr5,101578769,103320005,region581,1,0,0,871,1741,1093
chr9,135298842,137041122,region1006,1,0,0,871,1742,1094
chr9,20463534,22206559,region952,1,0,0,872,1743,1095
chr1,201589975,203334734,region104,1,0,0,872,1745,1096
chr3,13070799,14816900,region287,1,0,0,873,1746,1097
chr13,51591091,53339622,region1283,1,0,0,874,1749,1098
chr4,42213058,43965045,region433,1,0,0,876,1752,1099
chr17,29786491,31538425,region1502,1,0,0,876,1752,1100
chr6,87069500,88822140,region690,1,0,0,876,1753,1101
chr10,65794114,67549615,region1053,1,0,0,878,1756,1102
chr10,132580245,134336329,region1093,1,0,0,878,1756,1103
chr7,15143657,16902069,region759,1,0,0,879,1758,1104
chr11,89208936,90966490,region1145,1,0,0,879,1758,1105
chr14,71131957,72889615,region1356,1,0,0,879,1758,1106
chr17,53599432,55357541,region1516,1,0,0,879,1758,1107
chr12,57548860,59308666,region1215,1,0,0,880,1760,1108
chr16,55903774,57664330,region1459,1,0,0,880,1761,1109
chr1,16897730,18662899,region12,1,0,0,883,1765,1110
chr8,38938806,40703337,region877,1,0,0,882,1765,1111
chr13,102300523,104066710,region1313,1,0,0,883,1766,1112
chr15,55136269,56901773,region1403,1,0,0,883,1766,1113
chr5,77623332,79393144,region567,1,0,0,885,1770,1114
chr2,10133,1781022,region134,1,0,0,885,1771,1115
chr7,83801203,85572182,region796,1,0,0,885,1771,1116
chr21,38711704,40482902,region1673,1,0,0,886,1771,1117
chr20,697600,2469501,region1619,1,0,0,886,1772,1118
chr17,51826118,53599432,region1515,1,0,0,887,1773,1119
chr21,24696231,26469122,region1663,1,0,0,886,1773,1120
chr17,1928731,3702312,region1486,1,0,0,887,1774,1121
chr1,40200567,41975327,region25,1,0,0,887,1775,1122
chr2,175588929,177363636,region239,1,0,0,887,1775,1123
chr4,20544557,22319347,region418,1,0,0,887,1775,1124
chr12,16310460,18087873,region1193,1,0,0,889,1777,1125
chr13,78808813,80585676,region1300,1,0,0,888,1777,1126
chr8,22897057,24674718,region866,1,0,0,889,1778,1127
chr7,82022686,83801203,region795,1,0,0,889,1779,1128
chr11,87430235,89208936,region1144,1,0,0,889,1779,1129
chr4,170776510,172558635,region510,1,0,0,891,1782,1130
chr1,41975327,43758457,region26,1,0,0,892,1783,1131
chr3,176320287,178107165,region386,1,0,0,893,1787,1132
chr22,29651799,31439918,region1689,1,0,0,894,1788,1133
chr6,154974120,156763326,region732,1,0,0,895,1789,1134
chr15,70133341,71922649,region1412,1,0,0,895,1789,1135
chr18,45939732,47730584,region1557,1,0,0,895,1791,1136
chr3,72529329,74321817,region326,1,0,0,896,1792,1137
chr19,55728080,57521335,region1616,1,0,0,897,1793,1138
chr7,78093859,79888069,region793,1,0,0,897,1794,1139
chr5,83972689,85767290,region571,1,0,0,897,1795,1140
chr4,27965868,29762208,region423,1,0,0,898,1796,1141
chr4,113870102,115666246,region472,1,0,0,898,1796,1142
chr11,112459488,114257728,region1162,1,0,0,899,1798,1143
chr14,89497643,91296860,region1368,1,0,0,900,1799,1144
chr10,31907519,33707968,region1034,1,0,0,900,1800,1145
chr13,43101027,44901409,region1278,1,0,0,900,1800,1146
chr5,175450595,177251507,region627,1,0,0,900,1801,1147
chr7,2772227,4573428,region748,1,0,0,901,1801,1148
chr3,163253205,165055469,region378,1,0,0,901,1802,1149
chr9,18661051,20463534,region951,1,0,0,901,1802,1150
chr3,75704949,77508835,region328,1,0,0,902,1804,1151
chr1,18662899,20469149,region13,1,0,0,903,1806,1152
chr4,58935008,60741087,region441,1,0,0,903,1806,1153
chr8,29327896,31133729,region871,1,0,0,903,1806,1154
chr22,24984204,26791628,region1686,1,0,0,904,1807,1155
chr5,173642871,175450595,region626,1,0,0,904,1808,1156
chr2,48213001,50022257,region164,1,0,0,905,1809,1157
chr2,31550450,33363777,region153,1,0,0,907,1813,1158
chr12,59308666,61123729,region1216,1,0,0,908,1815,1159
chr4,22319347,24135529,region419,1,0,0,908,1816,1160
chr10,120591353,122407323,region1084,1,0,0,908,1816,1161
chr11,124495528,126311320,region1172,1,0,0,908,1816,1162
chr22,27834752,29651799,region1688,1,0,0,909,1817,1163
chr13,30483267,32301815,region1270,1,0,0,909,1819,1164
chr1,49894177,51713726,region32,1,0,0,910,1820,1165
chr1,90066303,91886317,region55,1,0,0,910,1820,1166
chr6,17386405,19207487,region645,1,0,0,911,1821,1167
chr3,185068255,186890344,region391,1,0,0,911,1822,1168
chr9,14836363,16659655,region949,1,0,0,912,1823,1169
chr4,167852917,169676825,region508,1,0,0,912,1824,1170
chr5,75798866,77623332,region566,1,0,0,912,1824,1171
chr6,50386145,52210476,region669,1,0,0,912,1824,1172
chr14,46749130,48573586,region1340,1,0,0,912,1824,1173
chr17,57487512,59312755,region1518,1,0,0,913,1825,1174
chr3,141339097,143164628,region364,1,0,0,913,1826,1175
chr19,20905757,22732896,region1595,1,0,0,914,1827,1176
chr3,85582231,87409732,region334,1,0,0,914,1828,1177
chr6,130935454,132765669,region718,1,0,0,915,1830,1178
chr22,32664986,34494914,region1691,1,0,0,915,1830,1179
chr7,90661784,92493752,region799,1,0,0,916,1832,1180
chr14,91296860,93132299,region1369,1,0,0,918,1835,1181
chr11,15742552,17578402,region1107,1,0,0,918,1836,1182
chr1,245506746,247344518,region132,1,0,0,919,1838,1183
chr1,182755356,184595513,region93,1,0,0,920,1840,1184
chr6,108464380,110304247,region704,1,0,0,920,1840,1185
chr6,71609510,73450097,region681,1,0,0,920,1841,1186
chr1,57021728,58865399,region36,1,0,0,922,1844,1187
chr16,24136875,25986862,region1450,1,0,0,925,1850,1188
chr12,27799773,29651255,region1198,1,0,0,926,1851,1189
chr15,38530777,40384132,region1392,1,0,0,927,1853,1190
chr21,27271019,29125226,region1665,1,0,0,927,1854,1191
chr6,85209989,87069500,region689,1,0,0,930,1860,1192
chr14,87635341,89497643,region1367,1,0,0,931,1862,1193
chr3,38356116,40221298,region305,1,0,0,933,1865,1194
chr11,9087317,10952027,region1103,1,0,0,932,1865,1195
chr5,18051592,19917716,region535,1,0,0,933,1866,1196
chr7,107780178,109647594,region810,1,0,0,934,1867,1197
chr7,136876562,138744679,region827,1,0,0,934,1868,1198
chr3,36486842,38356116,region304,1,0,0,935,1869,1199
chr6,89973052,91843196,region692,1,0,0,935,1870,1200
chr5,163771582,165642395,region619,1,0,0,935,1871,1201
chr1,224938520,226810860,region117,1,0,0,936,1872,1202
chr15,48136048,50008043,region1398,1,0,0,936,1872,1203
chr17,39899810,41772087,region1508,1,0,0,936,1872,1204
chr18,64252801,66125817,region1568,1,0,0,937,1873,1205
chr2,8422147,10298469,region139,1,0,0,938,1876,1206
chr6,112345014,114220833,region706,1,0,0,938,1876,1207
chr12,78570570,80448150,region1227,1,0,0,939,1878,1208
chr6,153094496,154974120,region731,1,0,0,940,1880,1209
chr16,71054028,72935150,region1467,1,0,0,941,1881,1210
chr1,10583,1892607,region1,1,0,0,941,1882,1211
chr4,97540703,99424067,region464,1,0,0,942,1883,1212
chr12,55665837,57548860,region1214,1,0,0,942,1883,1213
chr2,135158578,137042794,region213,1,0,0,942,1884,1214
chr8,63349306,65232872,region890,1,0,0,942,1884,1215
chr12,102964986,104848696,region1241,1,0,0,942,1884,1216
chr1,25516845,27401867,region18,1,0,0,943,1885,1217
chr1,158027412,159913048,region80,1,0,0,943,1886,1218
chr10,89127064,91013381,region1066,1,0,0,943,1886,1219
chr14,23018665,24905123,region1326,1,0,0,943,1886,1220
chr17,74375560,76263413,region1526,1,0,0,944,1888,1221
chr15,63215222,65104668,region1408,1,0,0,945,1889,1222
chr15,96141596,98030910,region1425,1,0,0,945,1889,1223
chr1,108409665,110303931,region67,1,0,0,947,1894,1224
chr1,247344518,249239466,region133,1,0,0,947,1895,1225
chr4,79093979,80990297,region452,1,0,0,948,1896,1226
chr1,65041704,66939404,region41,1,0,0,949,1898,1227
chr9,36743283,38641599,region964,1,0,0,949,1898,1228
chr5,148662624,150561298,region609,1,0,0,949,1899,1229
chr18,24026191,25927682,region1544,1,0,0,951,1901,1230
chr6,45406563,47311898,region666,1,0,0,953,1905,1231
chr3,151348730,153256571,region371,1,0,0,954,1908,1232
chr7,126869221,128778386,region821,1,0,0,955,1909,1233
chr2,206735704,208645399,region255,1,0,0,955,1910,1234
chr6,114220833,116131396,region707,1,0,0,955,1911,1235
chr2,171226245,173138905,region237,1,0,0,956,1913,1236
chr3,135456906,137371083,region361,1,0,0,957,1914,1237
chr10,73508512,75422550,region1058,1,0,0,957,1914,1238
chr1,97885249,99800604,region60,1,0,0,958,1915,1239
chr2,12419150,14335308,region141,1,0,0,958,1916,1240
chr12,67909729,69826542,region1221,1,0,0,958,1917,1241
chr15,67094767,69017999,region1410,1,0,0,962,1923,1242
chr11,131074612,133000046,region1177,1,0,0,963,1925,1243
chr2,144519484,146445570,region219,1,0,0,963,1926,1244
chr9,76973081,78900183,region971,1,0,0,964,1927,1245
chr1,197311514,199239884,region101,1,0,0,964,1928,1246
chr10,55103572,57031140,region1045,1,0,0,964,1928,1247
chr1,44969183,46899501,region28,1,0,0,965,1930,1248
chr21,41389527,43321528,region1675,1,0,0,966,1932,1249
chr1,88128631,90066303,region54,1,0,0,969,1938,1250
chr4,134628434,136566407,region488,1,0,0,969,1938,1251
chr5,65911286,67850860,region562,1,0,0,970,1940,1252
chr5,63968304,65911286,region561,1,0,0,971,1943,1253
chr18,3891658,5834180,region1534,1,0,0,971,1943,1254
chr4,180122043,182066807,region515,1,0,0,972,1945,1255
chr5,97315601,99260992,region579,1,0,0,973,1945,1256
chr5,82025648,83972689,region570,1,0,0,974,1947,1257
chr4,12323034,14272001,region412,1,0,0,974,1949,1258
chr4,94233299,96182188,region462,1,0,0,974,1949,1259
chr15,61265836,63215222,region1407,1,0,0,975,1949,1260
chr18,1942911,3891658,region1533,1,0,0,974,1949,1261
chr20,34960446,36909530,region1639,1,0,0,975,1949,1262
chr1,186810023,188759945,region95,1,0,0,975,1950,1263
chr6,121905676,123856181,region713,1,0,0,975,1951,1264
chr9,74253040,76203946,region969,1,0,0,975,1951,1265
chr9,22206559,24158518,region953,1,0,0,976,1952,1266
chr6,75462003,77414881,region683,1,0,0,976,1953,1267
chr13,47431079,49383962,region1281,1,0,0,976,1953,1268
chr11,24088517,26045753,region1112,1,0,0,979,1957,1269
chr12,6419753,8377536,region1186,1,0,0,979,1958,1270
chr20,56447959,58406572,region1651,1,0,0,979,1959,1271
chr13,88559882,90521311,region1305,1,0,0,981,1961,1272
chr5,142981248,144943354,region606,1,0,0,981,1962,1273
chr4,77130707,79093979,region451,1,0,0,982,1963,1274
chr1,189904130,191868930,region97,1,0,0,982,1965,1275
chr3,186890344,188856214,region392,1,0,0,983,1966,1276
chr14,57481262,59448336,region1349,1,0,0,984,1967,1277
chr4,62371763,64341001,region443,1,0,0,985,1969,1278
chr5,91840542,93809984,region576,1,0,0,985,1969,1279
chr10,82414679,84383745,region1062,1,0,0,985,1969,1280
chr10,123900545,125869346,region1087,1,0,0,984,1969,1281
chr2,78079264,80050403,region184,1,0,0,986,1971,1282
chr5,50163398,52134622,region551,1,0,0,986,1971,1283
chr13,27284362,29257551,region1268,1,0,0,987,1973,1284
chr4,136566407,138541971,region489,1,0,0,988,1976,1285
chr4,33172766,35151415,region427,1,0,0,989,1979,1286
chr3,126214943,128194861,region356,1,0,0,990,1980,1287
chr4,184929455,186909090,region518,1,0,0,990,1980,1288
chr6,134244243,136224177,region720,1,0,0,990,1980,1289
chr2,33363777,35345028,region154,1,0,0,991,1981,1290
chr2,165178840,167160270,region233,1,0,0,991,1981,1291
chr14,51493572,53474383,region1344,1,0,0,990,1981,1292
chr10,16551767,18537267,region1024,1,0,0,993,1986,1293
chr5,123798100,125785649,region597,1,0,0,994,1988,1294
chr20,18972203,20959710,region1631,1,0,0,994,1988,1295
chr14,103012102,105001723,region1377,1,0,0,995,1990,1296
chr15,65104668,67094767,region1409,1,0,0,995,1990,1297
chr11,17578402,19569535,region1108,1,0,0,996,1991,1298
chr1,173097907,175089768,region87,1,0,0,996,1992,1299
chr3,118530251,120523055,region351,1,0,0,996,1993,1300
chr2,14335308,16329735,region142,1,0,0,997,1994,1301
chr2,58297315,60292000,region172,1,0,0,997,1995,1302
chr6,48391125,50386145,region668,1,0,0,998,1995,1303
chr13,80585676,82581814,region1301,1,0,0,998,1996,1304
chr7,101199253,103197510,region806,1,0,0,999,1998,1305
chr2,121303783,123302906,region203,1,0,0,1000,1999,1306
chr2,142518602,144519484,region218,1,0,0,1000,2001,1307
chr9,16659655,18661051,region950,1,0,0,1001,2001,1308
chr8,7153079,9154694,region853,1,0,0,1001,2002,1309
chr1,14891511,16897730,region11,1,0,0,1003,2006,1310
chr6,100630146,102636772,region699,1,0,0,1003,2007,1311
chr4,40202609,42213058,region432,1,0,0,1005,2010,1312
chr2,36122006,38132712,region156,1,0,0,1005,2011,1313
chr6,73450097,75462003,region682,1,0,0,1006,2012,1314
chr3,66270447,68286914,region322,1,0,0,1008,2016,1315
chr19,30727954,32746520,region1600,1,0,0,1009,2019,1316
chr7,147815318,149840658,region835,1,0,0,1013,2025,1317
chr10,70195991,72220850,region1056,1,0,0,1012,2025,1318
chr3,33255592,35283458,region302,1,0,0,1014,2028,1319
chr1,59890409,61922365,region38,1,0,0,1016,2032,1320
chr10,106695048,108726686,region1077,1,0,0,1016,2032,1321
chr13,41069263,43101027,region1277,1,0,0,1016,2032,1322
chr12,81467767,83502666,region1229,1,0,0,1017,2035,1323
chr19,16374416,18409862,region1592,1,0,0,1018,2035,1324
chr16,72935150,74971503,region1468,1,0,0,1018,2036,1325
chr1,242071602,244109499,region130,1,0,0,1019,2038,1326
chr22,35530985,37570269,region1693,1,0,0,1020,2039,1327
chr5,73759326,75798866,region565,1,0,0,1020,2040,1328
chr12,43984474,46024229,region1207,1,0,0,1020,2040,1329
chr15,27298112,29338502,region1384,1,0,0,1020,2040,1330
chr20,47199980,49239658,region1647,1,0,0,1020,2040,1331
chr6,110304247,112345014,region705,1,0,0,1020,2041,1332
chr19,9238393,11284028,region1587,1,0,0,1023,2046,1333
chr3,159477890,161524504,region376,1,0,0,1023,2047,1334
chr8,13944992,15991660,region859,1,0,0,1023,2047,1335
chr7,63641125,65689809,region786,1,0,0,1024,2049,1336
chr3,128194861,130244735,region357,1,0,0,1025,2050,1337
chr3,11019665,13070799,region286,1,0,0,1026,2051,1338
chr9,112778024,114831082,region992,1,0,0,1027,2053,1339
chr1,210787750,212842330,region109,1,0,0,1027,2055,1340
chr2,218395480,220454551,region262,1,0,0,1030,2059,1341
chr12,76511314,78570570,region1226,1,0,0,1030,2059,1342
chr10,93335047,95396368,region1069,1,0,0,1031,2061,1343
chr3,165055469,167117429,region379,1,0,0,1031,2062,1344
chr8,35317232,37379389,region875,1,0,0,1031,2062,1345
chr2,220454551,222521176,region263,1,0,0,1033,2067,1346
chr8,144236881,146303867,region936,1,0,0,1033,2067,1347
chr12,106958748,109025901,region1244,1,0,0,1034,2067,1348
chr17,36809344,38877404,region1506,1,0,0,1034,2068,1349
chr1,194107442,196176201,region99,1,0,0,1034,2069,1350
chr21,29125226,31197025,region1666,1,0,0,1036,2072,1351
chr6,103983395,106056733,region701,1,0,0,1037,2073,1352
chr14,96262415,98341162,region1373,1,0,0,1039,2079,1353
chr3,70449028,72529329,region325,1,0,0,1040,2080,1354
chr10,48760450,50840915,region1042,1,0,0,1040,2080,1355
chr18,31780067,33861964,region1549,1,0,0,1041,2082,1356
chr3,60272906,62355666,region318,1,0,0,1041,2083,1357
chr6,83127149,85209989,region688,1,0,0,1041,2083,1358
chr9,110695062,112778024,region991,1,0,0,1041,2083,1359
chr4,103221356,105305294,region467,1,0,0,1042,2084,1360
chr6,69523448,71609510,region680,1,0,0,1043,2086,1361
chr9,126971887,129059665,region1000,1,0,0,1044,2088,1362
chr2,189882065,191973357,region246,1,0,0,1046,2091,1363
chr2,182266031,184357608,region243,1,0,0,1046,2092,1364
chr11,63804569,65898631,region1131,1,0,0,1047,2094,1365
chr5,41888710,43983499,region549,1,0,0,1047,2095,1366
chr7,105682905,107780178,region809,1,0,0,1049,2097,1367
chr4,150683580,152782184,region496,1,0,0,1049,2099,1368
chr9,34642243,36743283,region963,1,0,0,1051,2101,1369
chr9,124871322,126971887,region999,1,0,0,1050,2101,1370
chr21,15950982,18053165,region1657,1,0,0,1051,2102,1371
chr5,120452166,122556905,region595,1,0,0,1052,2105,1372
chr15,88369943,90475551,region1420,1,0,0,1053,2106,1373
chr7,93966601,96073508,region801,1,0,0,1053,2107,1374
chr11,65898631,68005825,region1132,1,0,0,1054,2107,1375
chr5,31390249,33500180,region543,1,0,0,1055,2110,1376
chr9,130055510,132165470,region1002,1,0,0,1055,2110,1377
chr14,61680424,63790015,region1351,1,0,0,1055,2110,1378
chr1,12779466,14891511,region10,1,0,0,1056,2112,1379
chr8,56956383,59068651,region886,1,0,0,1056,2112,1380
chr9,26111757,28224283,region956,1,0,0,1056,2113,1381
chr3,58157519,60272906,region317,1,0,0,1058,2115,1382
chr2,133042784,135158578,region212,1,0,0,1058,2116,1383
chr6,125424383,127540461,region715,1,0,0,1058,2116,1384
chr3,190226607,192343814,region394,1,0,0,1059,2117,1385
chr6,35455756,37572596,region660,1,0,0,1058,2117,1386
chr15,76398624,78516053,region1415,1,0,0,1059,2117,1387
chr1,7247335,9365199,region6,1,0,0,1059,2118,1388
chr2,10298469,12419150,region140,1,0,0,1060,2121,1389
chr11,72286017,74412351,region1136,1,0,0,1063,2126,1390
chr17,55357541,57487512,region1517,1,0,0,1065,2130,1391
chr4,84799656,86930609,region456,1,0,0,1065,2131,1392
chr10,125869346,128001098,region1088,1,0,0,1066,2132,1393
chr19,47150082,49282227,region1611,1,0,0,1066,2132,1394
chr7,79888069,82022686,region794,1,0,0,1067,2135,1395
chr11,30141357,32276901,region1116,1,0,0,1068,2136,1396
chr2,60292000,62429044,region173,1,0,0,1069,2137,1397
chr3,179374586,181511166,region388,1,0,0,1068,2137,1398
chr7,39862670,42001811,region773,1,0,0,1070,2139,1399
chr2,215573795,217715661,region260,1,0,0,1071,2142,1400
chr12,99305987,101447641,region1238,1,0,0,1071,2142,1401
chr2,108429177,110572432,region198,1,0,0,1072,2143,1402
chr22,40545797,42690818,region1696,1,0,0,1073,2145,1403
chr20,32813441,34960446,region1638,1,0,0,1074,2147,1404
chr5,93809984,95963519,region577,1,0,0,1077,2154,1405
chr11,128188537,130342575,region1175,1,0,0,1077,2154,1406
chr20,42680176,44839056,region1645,1,0,0,1079,2159,1407
chr4,148521873,150683580,region495,1,0,0,1081,2162,1408
chr3,157312028,159477890,region375,1,0,0,1083,2166,1409
chr2,44313803,46482634,region161,1,0,0,1084,2169,1410
chr2,155391135,157560635,region226,1,0,0,1085,2170,1411
chr10,78706814,80876749,region1060,1,0,0,1085,2170,1412
chr1,103914211,106087842,region65,1,0,0,1087,2174,1413
chr5,127344604,129519025,region599,1,0,0,1087,2174,1414
chr1,54226262,56413117,region34,1,0,0,1093,2187,1415
chr5,108633934,110821144,region586,1,0,0,1094,2187,1416
chr19,11284028,13471127,region1588,1,0,0,1094,2187,1417
chr6,53279102,55468270,region671,1,0,0,1095,2189,1418
chr1,178954470,181144121,region91,1,0,0,1095,2190,1419
chr15,25108590,27298112,region1383,1,0,0,1095,2190,1420
chr13,38878163,41069263,region1276,1,0,0,1096,2191,1421
chr2,1781022,3973779,region135,1,0,0,1096,2193,1422
chr2,159577082,161769733,region229,1,0,0,1096,2193,1423
chr4,68854765,71049152,region447,1,0,0,1097,2194,1424
chr4,105305294,107501305,region468,1,0,0,1098,2196,1425
chr2,62429044,64625913,region174,1,0,0,1098,2197,1426
chr5,156628700,158825698,region614,1,0,0,1098,2197,1427
chr12,97108839,99305987,region1237,1,0,0,1099,2197,1428
chr3,133252173,135456906,region360,1,0,0,1102,2205,1429
chr5,14757804,16963613,region533,1,0,0,1103,2206,1430
chr19,34262952,36469295,region1602,1,0,0,1103,2206,1431
chr13,49383962,51591091,region1282,1,0,0,1104,2207,1432
chr2,24686918,26894985,region148,1,0,0,1104,2208,1433
chr18,37684367,39892648,region1553,1,0,0,1104,2208,1434
chr6,63552888,65765742,region676,1,0,0,1106,2213,1435
chr8,11278998,13491775,region857,1,0,0,1106,2213,1436
chr16,68841363,71054028,region1466,1,0,0,1106,2213,1437
chr1,184595513,186810023,region94,1,0,0,1107,2215,1438
chr6,33236497,35455756,region659,1,0,0,1110,2219,1439
chr8,99401581,101620958,region910,1,0,0,1110,2219,1440
chr4,45189157,47411896,region435,1,0,0,1111,2223,1441
chr7,121933630,124156805,region817,1,0,0,1112,2223,1442
chr7,46986720,49212278,region778,1,0,0,1113,2226,1443
chr14,59448336,61680424,region1350,1,0,0,1116,2232,1444
chr17,59312755,61545589,region1519,1,0,0,1116,2233,1445
chr5,19917716,22152073,region536,1,0,0,1117,2234,1446
chr11,84381272,86619301,region1142,1,0,0,1119,2238,1447
chr1,191868930,194107442,region98,1,0,0,1119,2239,1448
chr5,144943354,147181998,region607,1,0,0,1119,2239,1449
chr10,110317705,112561493,region1079,1,0,0,1122,2244,1450
chr16,63691589,65938566,region1464,1,0,0,1123,2247,1451
chr8,126410917,128659111,region925,1,0,0,1124,2248,1452
chr3,51832015,54081390,region313,1,0,0,1125,2249,1453
chr9,96671698,98922040,region984,1,0,0,1125,2250,1454
chr19,49282227,51532567,region1612,1,0,0,1125,2250,1455
chr7,85572182,87825004,region797,1,0,0,1126,2253,1456
chr12,119754110,122007651,region1253,1,0,0,1127,2254,1457
chr6,146665424,148920352,region727,1,0,0,1127,2255,1458
chr3,181511166,183769683,region389,1,0,0,1129,2259,1459
chr4,64341001,66600492,region444,1,0,0,1130,2259,1460
chr2,199311125,201576284,region251,1,0,0,1133,2265,1461
chr4,120392684,122657987,region477,1,0,0,1133,2265,1462
chr11,37116815,39382003,region1120,1,0,0,1133,2265,1463
chr1,219590571,221858231,region114,1,0,0,1134,2268,1464
chr20,13689864,15958359,region1628,1,0,0,1134,2268,1465
chr1,30161881,32438685,region20,1,0,0,1138,2277,1466
chr2,225840004,228119842,region266,1,0,0,1140,2280,1467
chr10,100668400,102949239,region1074,1,0,0,1140,2281,1468
chr2,21050490,23341383,region146,1,0,0,1145,2291,1469
chr5,11173271,13464832,region531,1,0,0,1146,2292,1470
chr16,20150571,22448904,region1448,1,0,0,1149,2298,1471
chr3,110513770,112815699,region346,1,0,0,1151,2302,1472
chr5,150561298,152867774,region610,1,0,0,1153,2306,1473
chr4,174264132,176570716,region512,1,0,0,1153,2307,1474
chr7,142656310,144968289,region832,1,0,0,1156,2312,1475
chr11,44693799,47006137,region1123,1,0,0,1156,2312,1476
chr4,158743718,161058864,region501,1,0,0,1158,2315,1477
chr10,104380410,106695048,region1076,1,0,0,1157,2315,1478
chr3,146726629,149043237,region368,1,0,0,1158,2317,1479
chr2,16329735,18647423,region143,1,0,0,1159,2318,1480
chr5,99260992,101578769,region580,1,0,0,1159,2318,1481
chr8,140725643,143044914,region934,1,0,0,1160,2319,1482
chr6,127540461,129861031,region716,1,0,0,1160,2321,1483
chr1,106087842,108409665,region66,1,0,0,1161,2322,1484
chr12,41658586,43984474,region1206,1,0,0,1163,2326,1485
chr14,26135686,28466533,region1328,1,0,0,1165,2331,1486
chr5,140645971,142981248,region605,1,0,0,1168,2335,1487
chr1,206073265,208410364,region107,1,0,0,1169,2337,1488
chr10,10249396,12586797,region1020,1,0,0,1169,2337,1489
chr2,222521176,224859419,region264,1,0,0,1169,2338,1490
chr8,32977218,35317232,region874,1,0,0,1170,2340,1491
chr17,34469036,36809344,region1505,1,0,0,1170,2340,1492
chr1,175089768,177433381,region88,1,0,0,1172,2344,1493
chr4,146178187,148521873,region494,1,0,0,1172,2344,1494
chr1,226810860,229156248,region118,1,0,0,1173,2345,1495
chr15,78516053,80860978,region1416,1,0,0,1172,2345,1496
chr16,29036613,31382943,region1453,1,0,0,1173,2346,1497
chr18,20649472,22996651,region1542,1,0,0,1174,2347,1498
chr10,67549615,69900148,region1054,1,0,0,1175,2351,1499
chr7,124167552,126519170,region819,1,0,0,1176,2352,1500
chr4,141084631,143443265,region492,1,0,0,1179,2359,1501
chr1,32438685,34799758,region21,1,0,0,1181,2361,1502
chr20,44839056,47199980,region1646,1,0,0,1180,2361,1503
chr6,158218719,160580497,region734,1,0,0,1181,2362,1504
chr11,78355058,80722373,region1139,1,0,0,1184,2367,1505
chr5,36433954,38802410,region546,1,0,0,1184,2368,1506
chr11,13373124,15742552,region1106,1,0,0,1185,2369,1507
chr15,35083251,37456502,region1390,1,0,0,1187,2373,1508
chr1,208410364,210787750,region108,1,0,0,1189,2377,1509
chr13,61591949,63971559,region1291,1,0,0,1190,2380,1510
chr17,47517400,49898957,region1512,1,0,0,1191,2382,1511
chr7,20124908,22507629,region762,1,0,0,1191,2383,1512
chr7,130422414,132805848,region823,1,0,0,1192,2383,1513
chr3,168580960,170964909,region381,1,0,0,1192,2384,1514
chr11,42310003,44693799,region1122,1,0,0,1192,2384,1515
chr12,89682122,92066155,region1233,1,0,0,1192,2384,1516
chr2,130658085,133042784,region211,1,0,0,1192,2385,1517
chr11,74412351,76797209,region1137,1,0,0,1192,2385,1518
chr4,56547644,58935008,region440,1,0,0,1194,2387,1519
chr9,90136246,92528698,region981,1,0,0,1196,2392,1520
chr15,84260468,86652905,region1418,1,0,0,1196,2392,1521
chr20,54055266,56447959,region1650,1,0,0,1196,2393,1522
chr14,99138532,101534307,region1375,1,0,0,1198,2396,1523
chr18,27866478,30264066,region1547,1,0,0,1199,2398,1524
chr1,74326907,76728135,region47,1,0,0,1201,2401,1525
chr3,104581613,106982811,region343,1,0,0,1201,2401,1526
chr3,79024541,81427310,region330,1,0,0,1201,2403,1527
chr10,23175132,25578596,region1028,1,0,0,1202,2403,1528
chr13,71526791,73934089,region1296,1,0,0,1204,2407,1529
chr5,58524622,60935907,region557,1,0,0,1206,2411,1530
chr14,29972145,32383265,region1330,1,0,0,1206,2411,1531
chr7,31137289,33555768,region768,1,0,0,1209,2418,1532
chr10,97822357,100241302,region1072,1,0,0,1209,2419,1533
chr2,70755198,73174848,region180,1,0,0,1210,2420,1534
chr4,176570716,178991910,region513,1,0,0,1211,2421,1535
chr15,44198049,46618787,region1396,1,0,0,1210,2421,1536
chr8,104988752,107410754,region913,1,0,0,1211,2422,1537
chr4,155056126,157485097,region499,1,0,0,1214,2429,1538
chr12,25371083,27799773,region1197,1,0,0,1214,2429,1539
chr1,159913048,162346721,region81,1,0,0,1217,2434,1540
chr17,18856320,21290357,region1499,1,0,0,1217,2434,1541
chr10,26888684,29323236,region1030,1,0,0,1217,2435,1542
chr2,209941529,212379518,region257,1,0,0,1219,2438,1543
chr4,108815348,111256567,region470,1,0,0,1221,2441,1544
chr6,139845436,142288479,region724,1,0,0,1222,2443,1545
chr17,16412342,18856320,region1498,1,0,0,1222,2444,1546
chr22,19912358,22357325,region1683,1,0,0,1222,2445,1547
chr12,92066155,94514567,region1234,1,0,0,1224,2448,1548
chr2,173138905,175588929,region238,1,0,0,1225,2450,1549
chr7,25909555,28360309,region766,1,0,0,1225,2451,1550
chr4,72140558,74592390,region449,1,0,0,1226,2452,1551
chr10,63341695,65794114,region1052,1,0,0,1226,2452,1552
chr11,1213590,3665481,region1097,1,0,0,1226,2452,1553
chr17,27334244,29786491,region1501,1,0,0,1226,2452,1554
chr2,73174848,75630086,region181,1,0,0,1228,2455,1555
chr1,216243634,218705513,region112,1,0,0,1231,2462,1556
chr7,49212278,51675322,region779,1,0,0,1232,2463,1557
chr14,32383265,34846251,region1331,1,0,0,1231,2463,1558
chr2,229370787,231843389,region268,1,0,0,1236,2473,1559
chr6,19207487,21684065,region646,1,0,0,1238,2477,1560
chr10,85458703,87937577,region1064,1,0,0,1239,2479,1561
chr3,100592217,103084960,region341,1,0,0,1246,2493,1562
chr13,93586455,96087558,region1308,1,0,0,1251,2501,1563
chr8,101620958,104123306,region911,1,0,0,1251,2502,1564
chr9,94167203,96671698,region983,1,0,0,1252,2504,1565
chr12,12733528,15241484,region1191,1,0,0,1254,2508,1566
chr1,51713726,54226262,region33,1,0,0,1256,2513,1567
chr3,49316972,51832015,region312,1,0,0,1258,2515,1568
chr5,71240456,73759326,region564,1,0,0,1259,2519,1569
chr16,53382572,55903774,region1458,1,0,0,1261,2521,1570
chr18,11905440,14440799,region1539,1,0,0,1268,2535,1571
chr4,74592390,77130707,region450,1,0,0,1269,2538,1572
chr1,170557776,173097907,region86,1,0,0,1270,2540,1573
chr3,106982811,109522395,region344,1,0,0,1270,2540,1574
chr4,100678360,103221356,region466,1,0,0,1271,2543,1575
chr7,65689809,68234074,region787,1,0,0,1272,2544,1576
chr9,12276489,14836363,region948,1,0,0,1280,2560,1577
chr18,8498931,11075913,region1537,1,0,0,1288,2577,1578
chr7,16902069,19481547,region760,1,0,0,1290,2579,1579
chr6,14802924,17386405,region644,1,0,0,1292,2583,1580
chr3,137371083,139954597,region362,1,0,0,1292,2584,1581
chr14,19002084,21589402,region1324,1,0,0,1294,2587,1582
chr8,59728100,62329099,region888,1,0,0,1300,2601,1583
chr13,90521311,93129691,region1306,1,0,0,1304,2608,1584
chr16,46399473,49007926,region1455,1,0,0,1304,2608,1585
chr9,122260297,124871322,region998,1,0,0,1306,2611,1586
chr2,167355970,169968236,region235,1,0,0,1306,2612,1587
chr4,111256567,113870102,region471,1,0,0,1307,2614,1588
chr5,129519025,132139649,region600,1,0,0,1310,2621,1589
chr3,42540002,45165153,region308,1,0,0,1313,2625,1590
chr1,166460517,169086324,region84,1,0,0,1313,2626,1591
chr11,101331121,103959636,region1154,1,0,0,1314,2629,1592
chr1,81354191,83991748,region50,1,0,0,1319,2638,1593
chr5,132139649,134777401,region601,1,0,0,1319,2638,1594
chr1,71684405,74326907,region46,1,0,0,1321,2643,1595
chr13,65200602,67844453,region1293,1,0,0,1322,2644,1596
chr19,37527033,40170619,region1604,1,0,0,1322,2644,1597
chr6,94441175,97093511,region696,1,0,0,1326,2652,1598
chr7,33555768,36213538,region769,1,0,0,1329,2658,1599
chr9,98922040,101592859,region985,1,0,0,1335,2671,1600
chr4,91560677,94233299,region461,1,0,0,1336,2673,1601
chr8,76456542,79132861,region898,1,0,0,1338,2676,1602
chr5,23494324,26184851,region538,1,0,0,1345,2691,1603
chr12,73818454,76511314,region1225,1,0,0,1346,2693,1604
chr7,118351581,121045273,region815,1,0,0,1347,2694,1605
chr1,222230220,224938520,region116,1,0,0,1354,2708,1606
chr4,143443265,146178187,region493,1,0,0,1367,2735,1607
chr1,34799758,37549183,region22,1,0,0,1375,2749,1608
chr1,27401867,30161881,region19,1,0,0,1380,2760,1609
chr2,178553183,181312739,region241,1,0,0,1380,2760,1610
chr10,112561493,115328432,region1080,1,0,0,1383,2767,1611
chr15,73628714,76398624,region1414,1,0,0,1385,2770,1612
chr12,49001866,51776494,region1210,1,0,0,1387,2775,1613
chr10,50840915,53616629,region1043,1,0,0,1388,2776,1614
chr12,18087873,20863943,region1194,1,0,0,1388,2776,1615
chr7,28360309,31137289,region767,1,0,0,1388,2777,1616
chr6,97842284,100630146,region698,1,0,0,1394,2788,1617
chr7,69085364,71874885,region789,1,0,0,1395,2790,1618
chr14,35859593,38667725,region1333,1,0,0,1404,2808,1619
chr17,43056905,45876022,region1510,1,0,0,1410,2819,1620
chr8,79132861,81956395,region899,1,0,0,1412,2824,1621
chr2,98995201,101822329,region191,1,0,0,1414,2827,1622
chr7,87825004,90661784,region798,1,0,0,1418,2837,1623
chr1,162346721,165191702,region82,1,0,0,1422,2845,1624
chr2,113921856,116772470,region200,1,0,0,1425,2851,1625
chr11,47006137,49866050,region1124,1,0,0,1430,2860,1626
chr8,96534806,99401581,region909,1,0,0,1433,2867,1627
chr13,67844453,70724516,region1294,1,0,0,1440,2880,1628
chr5,136376050,139265072,region603,1,0,0,1445,2889,1629
chr2,85140680,88038507,region187,1,0,0,1449,2898,1630
chr16,65938566,68841363,region1465,1,0,0,1451,2903,1631
chr3,95311971,98215950,region338,1,0,0,1452,2904,1632
chr12,61123729,64032461,region1217,1,0,0,1454,2909,1633
chr8,90638162,93554386,region906,1,0,0,1458,2916,1634
chr12,110336719,113263518,region1246,1,0,0,1463,2927,1635
chr11,39382003,42310003,region1121,1,0,0,1464,2928,1636
chr1,76728135,79661198,region48,1,0,0,1467,2933,1637
chr2,147277162,150210292,region221,1,0,0,1467,2933,1638
chr2,118367466,121303783,region202,1,0,0,1468,2936,1639
chr13,85610916,88559882,region1304,1,0,0,1474,2949,1640
chr12,20863943,23820634,region1195,1,0,0,1478,2957,1641
chr1,115880593,118839067,region72,1,0,0,1479,2958,1642
chr12,122007651,124977980,region1254,1,0,0,1485,2970,1643
chr7,109647594,112618684,region811,1,0,0,1486,2971,1644
chr2,202818637,205799241,region253,1,0,0,1490,2981,1645
chr2,40281483,43309590,region159,1,0,0,1514,3028,1646
chr16,49007926,52035823,region1456,1,0,0,1514,3028,1647
chr18,39892648,42922106,region1554,1,0,0,1515,3029,1648
chr6,142288479,145319810,region725,1,0,0,1516,3031,1649
chr8,113064320,116096495,region919,1,0,0,1516,3032,1650
chr9,101592859,104624437,region986,1,0,0,1516,3032,1651
chr10,19716878,22772283,region1026,1,0,0,1528,3055,1652
chr17,64800430,67858770,region1522,1,0,0,1529,3058,1653
chr15,21131604,24195127,region1381,1,0,0,1532,3064,1654
chr7,113712387,116780178,region813,1,0,0,1534,3068,1655
chr10,116421406,119523934,region1082,1,0,0,1551,3103,1656
chr11,81266712,84381272,region1141,1,0,0,1557,3115,1657
chr7,73334602,76458564,region791,1,0,0,1562,3124,1658
chr14,67992317,71131957,region1355,1,0,0,1570,3140,1659
chr1,148361253,151538881,region75,1,0,0,1589,3178,1660
chr8,50082470,53302930,region882,1,0,0,1610,3220,1661
chr20,49239658,52472549,region1648,1,0,0,1616,3233,1662
chr8,46841315,50082470,region881,1,0,0,1621,3241,1663
chr10,75422550,78706814,region1059,1,0,0,1642,3284,1664
chr17,69387817,72672203,region1524,1,0,0,1642,3284,1665
chr18,47730584,51062185,region1558,1,0,0,1666,3332,1666
chr2,110572432,113921856,region199,1,0,0,1675,3349,1667
chr8,66489090,69863057,region892,1,0,0,1687,3374,1668
chr11,55082657,58457495,region1127,1,0,0,1687,3375,1669
chr1,144977494,148361253,region74,1,0,0,1692,3384,1670
chr5,67850860,71240456,region563,1,0,0,1695,3390,1671
chr15,80860978,84260468,region1417,1,0,0,1700,3399,1672
chr9,117921960,121321537,region996,1,0,0,1700,3400,1673
chr11,58780549,62223771,region1129,1,0,0,1722,3443,1674
chr2,81620841,85140680,region186,1,0,0,1760,3520,1675
chr14,72889615,76444767,region1357,1,0,0,1778,3555,1676
chr8,116096495,119685457,region920,1,0,0,1794,3589,1677
chr8,121201700,124861459,region922,1,0,0,1830,3660,1678
chr18,51554175,55213838,region1560,1,0,0,1830,3660,1679
chr2,95326452,98995201,region190,1,0,0,1834,3669,1680
chr12,85990426,89682122,region1232,1,0,0,1846,3692,1681
chr2,191973357,195861164,region247,1,0,0,1944,3888,1682
chr10,44730075,48760450,region1041,1,0,0,2015,4030,1683
chr8,42773823,46841315,region880,1,0,0,2034,4067,1684
chr6,57599465,61880512,region674,1,0,0,2141,4281,1685
chr10,37790029,42372579,region1038,1,0,0,2291,4583,1686
chr2,185280173,189882065,region245,1,0,0,2301,4602,1687
chr12,33076989,37856717,region1202,1,0,0,2390,4780,1688
chr11,49866050,54695473,region1125,1,0,0,2415,4829,1689
chr18,14440799,19485844,region1540,1,0,0,2523,5045,1690
chr19,23467746,28557893,region1597,1,0,0,2545,5090,1691
chr4,48123600,53877433,region437,1,0,0,2877,5754,1692
chr7,57382638,63307359,region784,1,0,0,2962,5925,1693
chr3,88298373,94255316,region336,1,0,0,2978,5957,1694
chr17,21290357,27334244,region1500,1,0,0,3022,6044,1695
chr2,89154526,95326452,region189,1,0,0,3086,6172,1696
chr5,43983499,50163398,region550,1,0,0,3090,6180,1697
chr20,25344231,31614823,region1636,1,0,0,3135,6271,1698
chr21,9411243,15950982,region1656,1,0,0,3270,6540,1699
chr9,65472190,72512711,region966,1,0,0,3520,7041,1700
chr16,31382943,46399473,region1454,1,0,0,7508,15017,1701
chr1,118839067,144977494,region73,0,0,0,13069,26138,1702
chr9,38641599,65472190,region965,0,0,0,13415,26831,1703
