X.chrom	Start	End	Region	within10m	within500k	within250k	dist
chr1	178944309	178954470	region90	0	0	0	5
chr7	124156805	124167552	region818	0	0	0	5
chr8	1044217	1163245	region844	0	0	0	60
chr10	134336329	134494673	region1094	0	0	0	79
chr2	167160270	167355970	region234	0	0	0	98
chr9	72512711	72753755	region967	0	0	0	121
chr10	69900148	70195991	region1055	0	0	0	148
chr7	139933177	140235210	region829	0	0	0	151
chr1	71372470	71684405	region45	0	0	0	156
chr6	94118142	94441175	region695	0	0	0	162
chr11	58457495	58780549	region1128	0	0	0	162
chr5	180559933	180885156	region631	0	0	0	163
chr7	63307359	63641125	region785	0	0	0	167
chr7	126519170	126869221	region820	0	0	0	175
chr1	221858231	222230220	region115	0	0	0	186
chr7	972752	1353067	region745	0	0	0	190
chr11	54695473	55082657	region1126	0	0	0	194
chr8	3392926	3783017	region848	0	0	0	195
chr9	4495328	4884926	region941	0	0	0	195
chr10	22772283	23175132	region1027	0	0	0	201
chr11	120766806	121175943	region1168	0	0	0	205
chr8	31133729	31548360	region872	0	0	0	207
chr12	101447641	101862690	region1239	0	0	0	208
chr10	100241302	100668400	region1073	0	0	0	214
chr14	48573586	49005471	region1341	0	0	0	216
chr7	5416232	5854526	region750	0	0	0	219
chr8	17387876	17836399	region861	0	0	0	224
chr8	13491775	13944992	region858	0	0	0	227
chr13	93129691	93586455	region1307	0	0	0	228
chr4	119933512	120392684	region476	0	0	0	230
chr10	29323236	29783692	region1031	0	0	0	230
chr12	115036602	115503216	region1249	0	0	0	233
chr9	88109333	88590417	region979	0	0	0	241
chr8	9154694	9640787	region854	0	0	0	243
chr1	241582220	242071602	region129	0	0	0	245
chr18	51062185	51554175	region1559	0	0	0	246
chr13	106247554	106750000	region1316	0	0	1	251
chr14	95750867	96262415	region1372	0	0	1	256
chr12	106436213	106958748	region1243	0	0	1	261
chr14	53474383	53997831	region1345	0	0	1	262
chr8	2042942	2573279	region846	0	0	1	265
chr19	80840	610729	region1579	0	0	1	265
chr16	12613098	13154437	region1442	0	0	1	271
chr11	80722373	81266712	region1140	0	0	1	272
chr6	119963278	120512128	region711	0	0	1	274
chr9	137041122	137589364	region1007	0	0	1	274
chr4	127275477	127830293	region482	0	0	1	277
chr6	32682664	33236497	region658	0	0	1	277
chr3	21643707	22204244	region293	0	0	1	280
chr9	138938978	139500342	region1009	0	0	1	281
chr8	19492840	20060856	region863	0	0	1	284
chr9	78900183	79471208	region972	0	0	1	286
chr11	114257728	114830666	region1163	0	0	1	286
chr4	154477641	155056126	region498	0	0	1	289
chr2	195861164	196447456	region248	0	0	1	293
chr9	28224283	28811584	region957	0	0	1	294
chr2	130067170	130658085	region210	0	0	1	295
chr2	241560084	242149921	region276	0	0	1	295
chr2	129474441	130067170	region209	0	0	1	296
chr11	107844200	108437037	region1158	0	0	1	296
chr9	6557589	7154923	region943	0	0	1	299
chr8	108648177	109248173	region915	0	0	1	300
chr4	86930609	87534648	region457	0	0	1	302
chr1	56413117	57021728	region35	0	0	1	304
chr4	7539692	8152235	region408	0	0	1	306
chr2	28598777	29217559	region150	0	0	1	309
chr4	27343722	27965868	region422	0	0	1	311
chr22	17674295	18296088	region1681	0	0	1	311
chr16	9799419	10426032	region1439	0	0	1	313
chr20	24717724	25344231	region1635	0	0	1	313
chr15	54508528	55136269	region1402	0	0	1	314
chr21	47492226	48119752	region1679	0	0	1	314
chr10	57031140	57662146	region1046	0	0	1	316
chr16	6893551	7529121	region1436	0	0	1	318
chr1	239925314	240564091	region127	0	0	1	319
chr6	55468270	56105313	region672	0	0	1	319
chr20	60479	697600	region1618	0	0	1	319
chr7	19481547	20124908	region761	0	0	1	322
chr17	12534769	13180372	region1494	0	0	1	323
chr12	8377536	9031395	region1187	0	0	1	327
chr16	86156599	86815411	region1480	0	0	1	329
chr2	127373764	128034347	region207	0	0	1	330
chr8	59068651	59728100	region887	0	0	1	330
chr8	4480476	5146927	region850	0	0	1	333
chr14	46081896	46749130	region1339	0	0	1	334
chr10	123231465	123900545	region1086	0	0	1	335
chr5	26184851	26857604	region539	0	0	1	336
chr6	68849483	69523448	region679	0	0	1	337
chr10	29783692	30458838	region1032	0	0	1	338
chr16	78456292	79134815	region1472	0	0	1	339
chr2	217715661	218395480	region261	0	0	1	340
chr10	62659679	63341695	region1051	0	0	1	341
chr4	10240	694715	region400	0	0	1	342
chr6	93428644	94118142	region694	0	0	1	345
chr10	60523	751339	region1011	0	0	1	345
chr4	29762208	30454535	region424	0	0	1	346
chr4	130591885	131283821	region485	0	0	1	346
chr13	109121210	109815112	region1319	0	0	1	347
chr8	3783017	4480476	region849	0	0	1	349
chr16	84445883	85148685	region1478	0	0	1	351
chr9	31310383	32019368	region960	0	0	1	354
chr7	1353067	2062398	region746	0	0	1	355
chr7	2062398	2772227	region747	0	0	1	355
chr9	8456299	9166403	region945	0	0	1	355
chr2	164466638	165178840	region232	0	0	1	356
chr4	47411896	48123600	region436	0	0	1	356
chr2	141805351	142518602	region217	0	0	1	357
chr17	13180372	13894637	region1495	0	0	1	357
chr5	56621102	57340073	region555	0	0	1	359
chr7	5854526	6573857	region751	0	0	1	360
chr6	170330173	171051270	region743	0	0	1	361
chr12	113263518	113986709	region1247	0	0	1	362
chr19	15648610	16374416	region1591	0	0	1	363
chr3	194059671	194786674	region396	0	0	1	364
chr8	125683719	126410917	region924	0	0	1	364
chr12	67181144	67909729	region1220	0	0	1	364
chr10	1523544	2254500	region1013	0	0	1	365
chr16	82747728	83477208	region1476	0	0	1	365
chr11	130342575	131074612	region1176	0	0	1	366
chr10	12586797	13321600	region1021	0	0	1	367
chr19	22732896	23467746	region1596	0	0	1	367
chr5	60935907	61672995	region558	0	0	1	369
chr8	81956395	82693739	region900	0	0	1	369
chr13	60854778	61591949	region1290	0	0	1	369
chr11	134205993	134946452	region1179	0	0	1	370
chr12	3677037	4417679	region1183	0	0	1	370
chr6	97093511	97842284	region697	0	0	1	374
chr5	63218987	63968304	region560	0	0	1	375
chr11	8333274	9087317	region1102	0	0	1	377
chr2	151731462	152486782	region223	0	0	1	378
chr17	1172399	1928731	region1485	0	0	1	378
chr6	162169564	162931203	region736	0	0	1	381
chr4	6773043	7539692	region407	0	0	1	383
chr4	161058864	161826435	region502	0	0	1	384
chr10	61891409	62659679	region1050	0	0	1	384
chr9	76203946	76973081	region970	0	0	1	385
chr10	751339	1523544	region1012	0	0	1	386
chr6	30798168	31571218	region656	0	0	1	387
chr16	5118345	5891580	region1434	0	0	1	387
chr20	62190180	62965163	region1655	0	0	1	387
chr2	35345028	36122006	region155	0	0	1	388
chr13	104066710	104844114	region1314	0	0	1	389
chr4	15147446	15927009	region414	0	0	1	390
chr9	25330810	26111757	region955	0	0	1	390
chr2	67226166	68010176	region177	0	0	1	392
chr4	694715	1478711	region401	0	0	1	392
chr5	119669042	120452166	region594	0	0	1	392
chr14	76444767	77229472	region1358	0	0	1	392
chr18	63463402	64252801	region1567	0	0	1	395
chr4	126480886	127275477	region481	0	0	1	397
chr15	40384132	41177514	region1393	0	0	1	397
chr2	50022257	50818928	region165	0	0	1	398
chr4	68059497	68854765	region446	0	0	1	398
chr1	3582736	4380811	region3	0	0	1	399
chr14	98341162	99138532	region1374	0	0	1	399
chr12	83502666	84303844	region1230	0	0	1	401
chr13	70724516	71526791	region1295	0	0	1	401
chr20	22491456	23293790	region1633	0	0	1	401
chr21	26469122	27271019	region1664	0	0	1	401
chr8	24674718	25483454	region867	0	0	1	404
chr11	12564229	13373124	region1105	0	0	1	404
chr11	86619301	87430235	region1143	0	0	1	405
chr16	7529121	8338519	region1437	0	0	1	405
chr19	40170619	40984601	region1605	0	0	1	407
chr8	10463197	11278998	region856	0	0	1	408
chr4	4684116	5502388	region405	0	0	1	409
chr6	28917608	29737971	region654	0	0	1	410
chr8	2573279	3392926	region847	0	0	1	410
chr17	49898957	50719055	region1513	0	0	1	410
chr8	9640787	10463197	region855	0	0	1	411
chr8	124861459	125683719	region923	0	0	1	411
chr10	95396368	96221243	region1070	0	0	1	412
chr10	122407323	123231465	region1085	0	0	1	412
chr15	29338502	30165568	region1385	0	0	1	414
chr18	11075913	11905440	region1538	0	0	1	415
chr2	146445570	147277162	region220	0	0	1	416
chr6	24852275	25684587	region650	0	0	1	416
chr7	25077259	25909555	region765	0	0	1	416
chr16	86815411	87647349	region1481	0	0	1	416
chr1	23086883	23920590	region16	0	0	1	417
chr4	167018858	167852917	region507	0	0	1	417
chr2	46482634	47318772	region162	0	0	1	418
chr10	43894771	44730075	region1040	0	0	1	418
chr4	3846040	4684116	region404	0	0	1	419
chr9	1079707	1916877	region938	0	0	1	419
chr10	131741327	132580245	region1092	0	0	1	419
chr21	37870779	38711704	region1672	0	0	1	420
chr7	4573428	5416232	region749	0	0	1	421
chr12	40816185	41658586	region1205	0	0	1	421
chr3	40221298	41064528	region306	0	0	1	422
chr21	34376999	35225465	region1669	0	0	1	424
chr15	31591821	32441811	region1387	0	0	1	425
chr1	83991748	84844495	region51	0	0	1	426
chr7	68234074	69085364	region788	0	0	1	426
chr13	57554217	58410626	region1287	0	0	1	428
chr1	102041016	102898745	region63	0	0	1	429
chr9	114831082	115693145	region993	0	0	1	431
chr12	29651255	30512406	region1199	0	0	1	431
chr7	9123423	9987499	region754	0	0	1	432
chr2	101822329	102688765	region192	0	0	1	433
chr8	104123306	104988752	region912	0	0	1	433
chr2	57429100	58297315	region171	0	0	1	434
chr18	77149991	78017158	region1578	0	0	1	434
chr3	197075987	197946622	region399	0	0	1	435
chr4	35151415	36020436	region428	0	0	1	435
chr7	149840658	150711505	region836	0	0	1	435
chr11	127316679	128188537	region1174	0	0	1	436
chr19	5811852	6684885	region1584	0	0	1	437
chr4	14272001	15147446	region413	0	0	1	438
chr8	1163245	2042942	region845	0	0	1	440
chr19	43862455	44744108	region1608	0	0	1	441
chr1	218705513	219590571	region113	0	0	1	443
chr3	87409732	88298373	region335	0	0	1	444
chr7	121045273	121933630	region816	0	0	1	444
chr12	54778823	55665837	region1213	0	0	1	444
chr20	61301855	62190180	region1654	0	0	1	444
chr19	8347513	9238393	region1586	0	0	1	445
chr2	235150987	236043550	region271	0	0	1	446
chr13	58410626	59302271	region1288	0	0	1	446
chr2	47318772	48213001	region163	0	0	1	447
chr3	8648561	9543183	region284	0	0	1	447
chr7	38966703	39862670	region772	0	0	1	448
chr11	7436701	8333274	region1101	0	0	1	448
chr1	199239884	200137649	region102	0	0	1	449
chr2	38132712	39031337	region157	0	0	1	449
chr10	130844284	131741327	region1091	0	0	1	449
chr2	102688765	103588215	region193	0	0	1	450
chr6	28017819	28917608	region653	0	0	1	450
chr14	85746319	86647002	region1365	0	0	1	450
chr9	117019801	117921960	region995	0	0	1	451
chr18	10644	912486	region1531	0	0	1	451
chr3	32351715	33255592	region301	0	0	1	452
chr9	133223217	134127888	region1004	0	0	1	452
chr12	4417679	5321472	region1184	0	0	1	452
chr5	152867774	153773088	region611	0	0	1	453
chr21	40482902	41389527	region1674	0	0	1	453
chr11	122591910	123500117	region1170	0	0	1	454
chr12	32165592	33076989	region1201	0	0	1	456
chr11	100417169	101331121	region1153	0	0	1	457
chr11	103959636	104873284	region1155	0	0	1	457
chr15	24195127	25108590	region1382	0	0	1	457
chr1	48978188	49894177	region31	0	0	1	458
chr6	23936619	24852275	region649	0	0	1	458
chr15	100636847	101552694	region1428	0	0	1	458
chr22	48903703	49824534	region1702	0	0	1	460
chr2	184357608	185280173	region244	0	0	1	461
chr9	30387392	31310383	region959	0	0	1	461
chr19	2098396	3019660	region1581	0	0	1	461
chr4	124286481	125210862	region479	0	0	1	462
chr13	108189877	109121210	region1318	0	0	1	466
chr16	77523678	78456292	region1471	0	0	1	466
chr18	71038474	71971462	region1573	0	0	1	466
chr2	205799241	206735704	region254	0	0	1	468
chr13	46495214	47431079	region1280	0	0	1	468
chr9	121321537	122260297	region997	0	0	1	469
chr13	23594702	24531937	region1265	0	0	1	469
chr19	29790947	30727954	region1599	0	0	1	469
chr6	169382050	170330173	region742	0	0	1	474
chr18	25927682	26875587	region1545	0	0	1	474
chr14	106340358	107289454	region1379	0	0	1	475
chr2	181312739	182266031	region242	0	0	1	477
chr7	16161	972752	region744	0	0	1	478
chr7	103197510	104159525	region807	0	0	1	481
chr2	163503551	164466638	region231	0	0	1	482
chr3	26877769	27840910	region297	0	0	1	482
chr5	172678327	173642871	region625	0	0	1	482
chr7	22507629	23471442	region763	0	0	1	482
chr3	19125144	20091348	region291	0	0	1	483
chr11	93276157	94242260	region1148	0	0	1	483
chr15	101552694	102520966	region1429	0	0	1	484
chr16	83477208	84445883	region1477	0	0	1	484
chr1	10806984	11777841	region8	0	0	1	485
chr1	93536459	94506191	region57	0	0	1	485
chr5	11940	982252	region522	0	0	1	485
chr2	157560635	158533218	region227	0	0	1	486
chr11	26045753	27020461	region1113	0	0	1	487
chr20	39610856	40585689	region1642	0	0	1	487
chr1	48002576	48978188	region30	0	0	1	488
chr16	81772536	82747728	region1475	0	0	1	488
chr12	11754846	12733528	region1190	0	0	1	489
chr2	224859419	225840004	region265	0	0	1	490
chr5	168525318	169505664	region622	0	0	1	490
chr14	55233681	56216880	region1347	0	0	1	492
chr14	50507760	51493572	region1343	0	0	1	493
chr5	178413464	179401244	region629	0	0	1	494
chr14	86647002	87635341	region1366	0	0	1	494
chr3	68286914	69276762	region323	0	0	1	495
chr17	7317398	8306425	region1490	0	0	1	495
chr18	26875587	27866478	region1546	0	0	1	495
chr3	109522395	110513770	region345	0	0	1	496
chr7	140235210	141226557	region830	0	0	1	496
chr4	89238028	90231564	region459	0	0	1	497
chr6	5791472	6785207	region637	0	0	1	497
chr10	91013381	92006581	region1067	0	0	1	497
chr17	3702312	4696261	region1487	0	0	1	497
chr3	65273538	66270447	region321	0	0	1	498
chr8	5146927	6142797	region851	0	0	1	498
chr9	129059665	130055510	region1001	0	0	1	498
chr11	123500117	124495528	region1171	0	0	1	498
chr16	17644749	18643607	region1446	0	0	1	499
chr3	6083183	7083387	region282	0	1	1	500
chr5	114830370	115831047	region590	0	1	1	500
chr6	118963115	119963278	region710	0	1	1	500
chr18	68621179	69621618	region1571	0	1	1	500
chr1	11777841	12779466	region9	0	1	1	501
chr7	100196651	101199253	region805	0	1	1	501
chr16	5891580	6893551	region1435	0	1	1	501
chr2	43309590	44313803	region160	0	1	1	502
chr4	2842979	3846040	region403	0	1	1	502
chr8	69863057	70867979	region893	0	1	1	502
chr1	114873845	115880593	region71	0	1	1	503
chr6	1452362	2458936	region633	0	1	1	503
chr11	126311320	127316679	region1173	0	1	1	503
chr16	74971503	75977954	region1469	0	1	1	503
chr16	85148685	86156599	region1479	0	1	1	504
chr8	6142797	7153079	region852	0	1	1	505
chr8	55945581	56956383	region885	0	1	1	505
chr1	237555628	238567807	region125	0	1	1	506
chr8	75445064	76456542	region897	0	1	1	506
chr4	138541971	139556511	region490	0	1	1	507
chr6	107450306	108464380	region703	0	1	1	507
chr14	34846251	35859593	region1332	0	1	1	507
chr1	102898745	103914211	region64	0	1	1	508
chr13	111232073	112247592	region1321	0	1	1	508
chr19	13471127	14486347	region1589	0	1	1	508
chr1	240564091	241582220	region128	0	1	1	509
chr2	52491133	53508452	region167	0	1	1	509
chr6	167024733	168042835	region740	0	1	1	509
chr8	40703337	41721454	region878	0	1	1	509
chr2	107408267	108429177	region197	0	1	1	510
chr8	62329099	63349306	region889	0	1	1	510
chr12	61107	1080331	region1180	0	1	1	510
chr12	80448150	81467767	region1228	0	1	1	510
chr12	131786751	132807034	region1260	0	1	1	510
chr13	35026464	36046367	region1273	0	1	1	510
chr6	138822629	139845436	region723	0	1	1	511
chr17	38877404	39899810	region1507	0	1	1	511
chr6	6785207	7808936	region638	0	1	1	512
chr22	42690818	43714200	region1697	0	1	1	512
chr1	58865399	59890409	region37	0	1	1	513
chr1	99800604	100826405	region61	0	1	1	513
chr7	96073508	97099570	region802	0	1	1	513
chr5	162743908	163771582	region618	0	1	1	514
chr19	19877471	20905757	region1594	0	1	1	514
chr10	134494673	135523865	region1095	0	1	1	515
chr18	912486	1942911	region1532	0	1	1	515
chr18	22996651	24026191	region1543	0	1	1	515
chr20	40585689	41615460	region1643	0	1	1	515
chr20	7084073	8117011	region1623	0	1	1	516
chr7	45952922	46986720	region777	0	1	1	517
chr8	10422	1044217	region843	0	1	1	517
chr12	132807034	133841511	region1261	0	1	1	517
chr17	76263413	77298636	region1527	0	1	1	518
chr22	34494914	35530985	region1692	0	1	1	518
chr2	242149921	243188920	region277	0	1	1	519
chr5	104851483	105893055	region583	0	1	1	521
chr2	18647423	19692404	region144	0	1	1	522
chr2	158533218	159577082	region228	0	1	1	522
chr6	3573593	4617817	region635	0	1	1	522
chr22	26791628	27834752	region1687	0	1	1	522
chr7	53176312	54222976	region781	0	1	1	523
chr17	4696261	5741334	region1488	0	1	1	523
chr12	117087471	118135375	region1251	0	1	1	524
chr19	46102697	47150082	region1610	0	1	1	524
chr6	39295677	40345115	region662	0	1	1	525
chr12	113986709	115036602	region1248	0	1	1	525
chr18	66125817	67175820	region1569	0	1	1	525
chr8	41721454	42773823	region879	0	1	1	526
chr3	94255316	95311971	region337	0	1	1	528
chr9	132165470	133223217	region1003	0	1	1	529
chr19	36469295	37527033	region1603	0	1	1	529
chr5	118608820	119669042	region593	0	1	1	530
chr6	29737971	30798168	region655	0	1	1	530
chr3	145664619	146726629	region367	0	1	1	531
chr6	21684065	22748307	region647	0	1	1	532
chr9	33578334	34642243	region962	0	1	1	532
chr20	41615460	42680176	region1644	0	1	1	532
chr6	52210476	53279102	region670	0	1	1	534
chr10	119523934	120591353	region1083	0	1	1	534
chr12	15241484	16310460	region1192	0	1	1	534
chr15	34015425	35083251	region1389	0	1	1	534
chr3	46657500	47727212	region310	0	1	1	535
chr9	10023	1079707	region937	0	1	1	535
chr6	129861031	130935454	region717	0	1	1	537
chr10	84383745	85458703	region1063	0	1	1	537
chr15	37456502	38530777	region1391	0	1	1	537
chr6	47311898	48391125	region667	0	1	1	540
chr11	3665481	4746709	region1098	0	1	1	541
chr2	30463711	31550450	region152	0	1	1	543
chr2	105125034	106210058	region195	0	1	1	543
chr3	55348860	56433907	region315	0	1	1	543
chr5	16963613	18051592	region534	0	1	1	544
chr5	79393144	80481471	region568	0	1	1	544
chr12	96020785	97108839	region1236	0	1	1	544
chr4	71049152	72140558	region448	0	1	1	546
chr10	115328432	116421406	region1081	0	1	1	546
chr16	11520161	12613098	region1441	0	1	1	546
chr7	112618684	113712387	region812	0	1	1	547
chr16	10426032	11520161	region1440	0	1	1	547
chr3	150252004	151348730	region370	0	1	1	548
chr10	2254500	3352699	region1014	0	1	1	549
chr12	5321472	6419753	region1185	0	1	1	549
chr4	169676825	170776510	region509	0	1	1	550
chr7	154964730	156065250	region840	0	1	1	550
chr18	56530220	57630483	region1562	0	1	1	550
chr12	101862690	102964986	region1240	0	1	1	551
chr1	46899501	48002576	region29	0	1	1	552
chr3	195971408	197075987	region398	0	1	1	552
chr14	83138097	84241633	region1363	0	1	1	552
chr6	25684587	26791233	region651	0	1	1	553
chr2	124732250	125840921	region205	0	1	1	554
chr17	50719055	51826118	region1514	0	1	1	554
chr11	90966490	92077144	region1146	0	1	1	555
chr21	20962339	22072764	region1660	0	1	1	555
chr6	31571218	32682664	region657	0	1	1	556
chr6	2458936	3573593	region634	0	1	1	557
chr11	6322869	7436701	region1100	0	1	1	557
chr2	88038507	89154526	region188	0	1	1	558
chr8	53302930	54418044	region883	0	1	1	558
chr15	69017999	70133341	region1411	0	1	1	558
chr4	55429556	56547644	region439	0	1	1	559
chr16	4001196	5118345	region1433	0	1	1	559
chr17	13894637	15019097	region1496	0	1	1	562
chr5	26857604	27984513	region540	0	1	1	563
chr19	54602362	55728080	region1615	0	1	1	563
chr22	46470495	47596318	region1700	0	1	1	563
chr2	5708337	6836254	region137	0	1	1	564
chr2	68010176	69139564	region178	0	1	1	565
chr4	178991910	180122043	region514	0	1	1	565
chr15	20001200	21131604	region1380	0	1	1	565
chr3	112815699	113947863	region347	0	1	1	566
chr12	2544786	3677037	region1182	0	1	1	566
chr12	69826542	70957987	region1222	0	1	1	566
chr13	54682864	55817131	region1285	0	1	1	567
chr1	196176201	197311514	region100	0	1	1	568
chr4	80990297	82125315	region453	0	1	1	568
chr17	9965921	11102815	region1492	0	1	1	568
chr12	129237297	130377921	region1258	0	1	1	570
chr11	70855	1213590	region1096	0	1	1	571
chr1	188759945	189904130	region96	0	1	1	572
chr15	93780902	94924330	region1423	0	1	1	572
chr19	40984601	42131573	region1606	0	1	1	573
chr5	158825698	159973944	region615	0	1	1	574
chr16	60054	1207206	region1430	0	1	1	574
chr5	982252	2132442	region523	0	1	1	575
chr6	88822140	89973052	region691	0	1	1	575
chr10	128001098	129154362	region1089	0	1	1	577
chr20	58406572	59561724	region1652	0	1	1	578
chr3	98215950	99373762	region339	0	1	1	579
chr5	179401244	180559933	region630	0	1	1	579
chr7	42001811	43159074	region774	0	1	1	579
chr5	110821144	111981562	region587	0	1	1	580
chr17	80034408	81194908	region1530	0	1	1	580
chr5	177251507	178413464	region628	0	1	1	581
chr16	79134815	80297374	region1473	0	1	1	581
chr18	74813815	75976317	region1576	0	1	1	581
chr19	14486347	15648610	region1590	0	1	1	581
chr18	19485844	20649472	region1541	0	1	1	582
chr2	76913661	78079264	region183	0	1	1	583
chr4	127830293	128996665	region483	0	1	1	583
chr8	28162392	29327896	region870	0	1	1	583
chr1	233429284	234599434	region122	0	1	1	585
chr5	5973233	7143218	region527	0	1	1	585
chr9	134127888	135298842	region1005	0	1	1	585
chr3	69276762	70449028	region324	0	1	1	586
chr9	24158518	25330810	region954	0	1	1	586
chr9	86938196	88109333	region978	0	1	1	586
chr17	56	1172399	region1484	0	1	1	586
chr4	8152235	9326479	region409	0	1	1	587
chr6	4617817	5791472	region636	0	1	1	587
chr12	72645075	73818454	region1224	0	1	1	587
chr18	75976317	77149991	region1577	0	1	1	587
chr20	38436761	39610856	region1641	0	1	1	587
chr2	53508452	54685226	region168	0	1	1	588
chr10	18537267	19716878	region1025	0	1	1	590
chr14	65220298	66399555	region1353	0	1	1	590
chr1	37549183	38731847	region23	0	1	1	591
chr3	172295731	173477285	region383	0	1	1	591
chr6	151912703	153094496	region730	0	1	1	591
chr3	194786674	195971408	region397	0	1	1	592
chr5	57340073	58524622	region556	0	1	1	592
chr21	43321528	44506268	region1676	0	1	1	592
chr6	22748307	23936619	region648	0	1	1	594
chr7	138744679	139933177	region828	0	1	1	594
chr10	5983762	7171484	region1017	0	1	1	594
chr2	177363636	178553183	region240	0	1	1	595
chr7	44763828	45952922	region776	0	1	1	595
chr10	87937577	89127064	region1065	0	1	1	595
chr2	238760981	239952643	region274	0	1	1	596
chr8	143044914	144236881	region935	0	1	1	596
chr14	93132299	94325285	region1370	0	1	1	596
chr4	165823448	167018858	region506	0	1	1	598
chr17	78837588	80034408	region1529	0	1	1	598
chr2	106210058	107408267	region196	0	1	1	599
chr6	81929222	83127149	region687	0	1	1	599
chr20	11249536	12447499	region1626	0	1	1	599
chr20	31614823	32813441	region1637	0	1	1	599
chr8	25483454	26682525	region868	0	1	1	600
chr11	92077144	93276157	region1147	0	1	1	600
chr4	117276929	118479918	region474	0	1	1	601
chr3	35283458	36486842	region303	0	1	1	602
chr3	175116539	176320287	region385	0	1	1	602
chr5	55417349	56621102	region554	0	1	1	602
chr6	164383521	165586864	region738	0	1	1	602
chr5	165642395	166847740	region620	0	1	1	603
chr11	133000046	134205993	region1178	0	1	1	603
chr3	149043237	150252004	region369	0	1	1	604
chr6	137614218	138822629	region722	0	1	1	604
chr1	43758457	44969183	region27	0	1	1	605
chr1	68477895	69687616	region43	0	1	1	605
chr6	7808936	9020026	region639	0	1	1	606
chr1	100826405	102041016	region62	0	1	1	607
chr3	84367479	85582231	region333	0	1	1	607
chr8	111850847	113064320	region918	0	1	1	607
chr15	98030910	99244059	region1426	0	1	1	607
chr18	33861964	35075250	region1550	0	1	1	607
chr3	81427310	82643886	region331	0	1	1	608
chr3	99373762	100592217	region340	0	1	1	609
chr8	133351144	134570001	region929	0	1	1	609
chr10	36572508	37790029	region1037	0	1	1	609
chr15	94924330	96141596	region1424	0	1	1	609
chr1	234599434	235819436	region123	0	1	1	610
chr4	188472981	189693511	region520	0	1	1	610
chr10	3352699	4572274	region1015	0	1	1	610
chr4	43965045	45189157	region434	0	1	1	612
chr2	56203345	57429100	region170	0	1	1	613
chr6	26791233	28017819	region652	0	1	1	613
chr13	29257551	30483267	region1269	0	1	1	613
chr22	31439918	32664986	region1690	0	1	1	613
chr5	2132442	3361941	region524	0	1	1	615
chr9	84211233	85440801	region976	0	1	1	615
chr13	63971559	65200602	region1292	0	1	1	615
chr14	24905123	26135686	region1327	0	1	1	615
chr2	198078110	199311125	region250	0	1	1	617
chr3	17891118	19125144	region290	0	1	1	617
chr4	36020436	37255047	region429	0	1	1	617
chr4	163243679	164478234	region504	0	1	1	617
chr7	6573857	7808752	region752	0	1	1	617
chr19	28557893	29790947	region1598	0	1	1	617
chr8	21661737	22897057	region865	0	1	1	618
chr8	109248173	110484314	region916	0	1	1	618
chr14	53997831	55233681	region1346	0	1	1	618
chr16	2764829	4001196	region1432	0	1	1	618
chr6	80691170	81929222	region686	0	1	1	619
chr8	107410754	108648177	region914	0	1	1	619
chr22	39307894	40545797	region1695	0	1	1	619
chr2	201576284	202818637	region252	0	1	1	621
chr5	122556905	123798100	region596	0	1	1	621
chr20	12447499	13689864	region1627	0	1	1	621
chr2	29217559	30463711	region151	0	1	1	623
chr3	143164628	144410816	region365	0	1	1	623
chr4	82125315	83372593	region454	0	1	1	624
chr7	12635461	13884202	region757	0	1	1	624
chr11	109866116	111114397	region1160	0	1	1	624
chr2	39031337	40281483	region158	0	1	1	625
chr2	228119842	229370787	region267	0	1	1	625
chr6	10540317	11790816	region641	0	1	1	625
chr13	33776903	35026464	region1272	0	1	1	625
chr13	24531937	25784362	region1266	0	1	1	626
chr15	58441366	59694116	region1405	0	1	1	626
chr16	89041165	90292812	region1483	0	1	1	626
chr3	144410816	145664619	region366	0	1	1	627
chr4	99424067	100678360	region465	0	1	1	627
chr5	155373505	156628700	region613	0	1	1	628
chr8	65232872	66489090	region891	0	1	1	628
chr18	5834180	7090485	region1535	0	1	1	628
chr18	59020751	60277715	region1564	0	1	1	628
chr2	169968236	171226245	region236	0	1	1	629
chr4	157485097	158743718	region500	0	1	1	629
chr8	130381139	131639625	region927	0	1	1	629
chr7	13884202	15143657	region758	0	1	1	630
chr5	117346213	118608820	region592	0	1	1	631
chr5	161482133	162743908	region617	0	1	1	631
chr12	51776494	53039004	region1211	0	1	1	631
chr14	56216880	57481262	region1348	0	1	1	632
chr1	20469149	21736588	region14	0	1	1	634
chr1	165191702	166460517	region83	0	1	1	634
chr3	54081390	55348860	region314	0	1	1	634
chr3	178107165	179374586	region387	0	1	1	634
chr4	5502388	6773043	region406	0	1	1	635
chr4	125210862	126480886	region480	0	1	1	635
chr5	3361941	4632110	region525	0	1	1	635
chr5	8446336	9718832	region529	0	1	1	636
chr22	23712647	24984204	region1685	0	1	1	636
chr9	1916877	3190064	region939	0	1	1	637
chr12	10481534	11754846	region1189	0	1	1	637
chr14	40341990	41615502	region1335	0	1	1	637
chr3	124936642	126214943	region355	0	1	1	639
chr22	43714200	44995308	region1698	0	1	1	641
chr2	75630086	76913661	region182	0	1	1	642
chr7	134307596	135591083	region825	0	1	1	642
chr17	41772087	43056905	region1509	0	1	1	642
chr7	135591083	136876562	region826	0	1	1	643
chr18	73526987	74813815	region1575	0	1	1	643
chr10	72220850	73508512	region1057	0	1	1	644
chr12	47714793	49001866	region1209	0	1	1	644
chr6	117672972	118963115	region709	0	1	1	645
chr7	153674019	154964730	region839	0	1	1	645
chr18	35075250	36365490	region1551	0	1	1	645
chr21	22072764	23362875	region1661	0	1	1	645
chr2	65933444	67226166	region176	0	1	1	646
chr5	13464832	14757804	region532	0	1	1	646
chr3	154714218	156008700	region373	0	1	1	647
chr2	208645399	209941529	region256	0	1	1	648
chr4	38907022	40202609	region431	0	1	1	648
chr3	183769683	185068255	region390	0	1	1	649
chr10	57662146	58959528	region1047	0	1	1	649
chr21	35225465	36524373	region1670	0	1	1	649
chr3	27840910	29142260	region298	0	1	1	651
chr9	7154923	8456299	region944	0	1	1	651
chr3	156008700	157312028	region374	0	1	1	652
chr4	182066807	183371275	region516	0	1	1	652
chr5	7143218	8446336	region528	0	1	1	652
chr9	3190064	4495328	region940	0	1	1	653
chr2	64625913	65933444	region175	0	1	1	654
chr22	47596318	48903703	region1701	0	1	1	654
chr10	25578596	26888684	region1029	0	1	1	655
chr12	109025901	110336719	region1245	0	1	1	655
chr16	13154437	14464002	region1443	0	1	1	655
chr2	237449032	238760981	region273	0	1	1	656
chr7	9987499	11299198	region755	0	1	1	656
chr3	62355666	63669286	region319	0	1	1	657
chr4	107501305	108815348	region469	0	1	1	657
chr7	7808752	9123423	region753	0	1	1	657
chr18	55213838	56530220	region1561	0	1	1	658
chr21	46177105	47492226	region1678	0	1	1	658
chr18	36365490	37684367	region1552	0	1	1	659
chr11	106520894	107844200	region1157	0	1	1	662
chr13	112247592	113572488	region1322	0	1	1	662
chr9	115693145	117019801	region994	0	1	1	663
chr4	30454535	31782981	region425	0	1	1	664
chr10	92006581	93335047	region1068	0	1	1	664
chr3	170964909	172295731	region382	0	1	1	665
chr4	90231564	91560677	region460	0	1	1	665
chr10	58959528	60289987	region1048	0	1	1	665
chr19	3019660	4348967	region1582	0	1	1	665
chr11	95726041	97057058	region1150	0	1	1	666
chr14	77229472	78561945	region1359	0	1	1	666
chr1	5913893	7247335	region5	0	1	1	667
chr6	148920352	150253404	region728	0	1	1	667
chr21	23362875	24696231	region1662	0	1	1	667
chr7	11299198	12635461	region756	0	1	1	668
chr14	105001723	106340358	region1378	0	1	1	669
chr1	232090252	233429284	region121	0	1	1	670
chr6	168042835	169382050	region741	0	1	1	670
chr5	4632110	5973233	region526	0	1	1	671
chr5	22152073	23494324	region537	0	1	1	671
chr7	36213538	37555184	region770	0	1	1	671
chr9	104624437	105967976	region987	0	1	1	672
chr13	53339622	54682864	region1284	0	1	1	672
chr1	203334734	204681068	region105	0	1	1	673
chr2	23341383	24686918	region147	0	1	1	673
chr4	164478234	165823448	region505	0	1	1	673
chr6	102636772	103983395	region700	0	1	1	673
chr6	145319810	146665424	region726	0	1	1	673
chr11	111114397	112459488	region1161	0	1	1	673
chr16	52035823	53382572	region1457	0	1	1	673
chr21	36524373	37870779	region1671	0	1	1	673
chr1	21736588	23086883	region15	0	1	1	675
chr4	189693511	191043594	region521	0	1	1	675
chr9	137589364	138938978	region1008	0	1	1	675
chr5	95963519	97315601	region578	0	1	1	676
chr13	22242174	23594702	region1264	0	1	1	676
chr3	115447080	116800153	region349	0	1	1	677
chr22	22357325	23712647	region1684	0	1	1	678
chr1	238567807	239925314	region126	0	1	1	679
chr2	19692404	21050490	region145	0	1	1	679
chr4	96182188	97540703	region463	0	1	1	679
chr11	21017138	22374142	region1110	0	1	1	679
chr19	44744108	46102697	region1609	0	1	1	679
chr20	2469501	3828413	region1620	0	1	1	679
chr11	70926292	72286017	region1135	0	1	1	680
chr12	127875098	129237297	region1257	0	1	1	681
chr4	1478711	2842979	region402	0	1	1	682
chr11	116383348	117747110	region1165	0	1	1	682
chr8	110484314	111850847	region917	0	1	1	683
chr3	188856214	190226607	region393	0	1	1	685
chr5	107264196	108633934	region585	0	1	1	685
chr12	37856717	39227169	region1203	0	1	1	685
chr4	9326479	10699152	region410	0	1	1	686
chr5	105893055	107264196	region584	0	1	1	686
chr17	31538425	32912798	region1503	0	1	1	687
chr6	73924	1452362	region632	0	1	1	689
chr18	42922106	44299246	region1555	0	1	1	689
chr5	139265072	140645971	region604	0	1	1	690
chr13	37498185	38878163	region1275	0	1	1	690
chr3	60157	1441779	region278	0	1	1	691
chr16	57664330	59045405	region1460	0	1	1	691
chr3	74321817	75704949	region327	0	1	1	692
chr3	139954597	141339097	region363	0	1	1	692
chr5	35048970	36433954	region545	0	1	1	692
chr2	154005056	155391135	region225	0	1	1	693
chr7	146427960	147815318	region834	0	1	1	694
chr4	31782981	33172766	region426	0	1	1	695
chr6	136224177	137614218	region721	0	1	1	695
chr18	57630483	59020751	region1563	0	1	1	695
chr1	204681068	206073265	region106	0	1	1	696
chr15	51677560	53069096	region1400	0	1	1	696
chr15	99244059	100636847	region1427	0	1	1	696
chr6	106056733	107450306	region702	0	1	1	697
chr6	120512128	121905676	region712	0	1	1	697
chr14	80186579	81579714	region1361	0	1	1	697
chr16	87647349	89041165	region1482	0	1	1	697
chr17	15019097	16412342	region1497	0	1	1	697
chr8	15991660	17387876	region860	0	1	1	698
chr9	109298754	110695062	region990	0	1	1	698
chr1	244109499	245506746	region131	0	1	1	699
chr9	10879253	12276489	region947	0	1	1	699
chr13	77410555	78808813	region1299	0	1	1	699
chr2	138698117	140100271	region215	0	1	1	701
chr10	33707968	35109355	region1035	0	1	1	701
chr1	230685255	232090252	region120	0	1	1	702
chr13	104844114	106247554	region1315	0	1	1	702
chr2	236043550	237449032	region272	0	1	1	703
chr14	43137389	44543227	region1337	0	1	1	703
chr12	130377921	131786751	region1259	0	1	1	704
chr18	7090485	8498931	region1536	0	1	1	704
chr11	69516130	70926292	region1134	0	1	1	705
chr7	37555184	38966703	region771	0	1	1	706
chr10	4572274	5983762	region1016	0	1	1	706
chr5	111981562	113396285	region588	0	1	1	707
chr3	25461558	26877769	region296	0	1	1	708
chr3	131836516	133252173	region359	0	1	1	708
chr11	121175943	122591910	region1169	0	1	1	708
chr13	109815112	111232073	region1320	0	1	1	708
chr18	69621618	71038474	region1572	0	1	1	708
chr3	123517768	124936642	region354	0	1	1	709
chr4	161826435	163243679	region503	0	1	1	709
chr5	90422654	91840542	region575	0	1	1	709
chr6	11790816	13209388	region642	0	1	1	709
chr22	49824534	51243298	region1703	0	1	1	709
chr13	97519210	98938919	region1310	0	1	1	710
chr8	70867979	72289454	region894	0	1	1	711
chr15	42776399	44198049	region1395	0	1	1	711
chr7	152249806	153674019	region838	0	1	1	712
chr20	23293790	24717724	region1634	0	1	1	712
chr14	94325285	95750867	region1371	0	1	1	713
chr15	30165568	31591821	region1386	0	1	1	713
chr4	83372593	84799656	region455	0	1	1	714
chr8	31548360	32977218	region873	0	1	1	714
chr21	18053165	19480375	region1658	0	1	1	714
chr2	123302906	124732250	region204	0	1	1	715
chr7	141226557	142656310	region831	0	1	1	715
chr11	108437037	109866116	region1159	0	1	1	715
chr12	126445505	127875098	region1256	0	1	1	715
chr14	21589402	23018665	region1325	0	1	1	715
chr14	63790015	65220298	region1352	0	1	1	715
chr10	102949239	104380410	region1075	0	1	1	716
chr13	96087558	97519210	region1309	0	1	1	716
chr17	11102815	12534769	region1493	0	1	1	716
chr5	113396285	114830370	region589	0	1	1	717
chr1	110303931	111741737	region68	0	1	1	719
chr6	165586864	167024733	region739	0	1	1	719
chr2	128034347	129474441	region208	0	1	1	720
chr3	2992120	4431647	region280	0	1	1	720
chr13	106750000	108189877	region1317	0	1	1	720
chr15	53069096	54508528	region1401	0	1	1	720
chr1	9365199	10806984	region7	0	1	1	721
chr18	67175820	68621179	region1570	0	1	1	723
chr10	30458838	31907519	region1033	0	1	1	724
chr11	19569535	21017138	region1109	0	1	1	724
chr12	9031395	10481534	region1188	0	1	1	725
chr1	200137649	201589975	region103	0	1	1	726
chr3	120523055	121974097	region352	0	1	1	726
chr6	162931203	164383521	region737	0	1	1	726
chr8	93554386	95005527	region907	0	1	1	726
chr13	36046367	37498185	region1274	0	1	1	726
chr19	51532567	52985290	region1613	0	1	1	726
chr4	118479918	119933512	region475	0	1	1	727
chr5	9718832	11173271	region530	0	1	1	727
chr4	15927009	17383322	region415	0	1	1	728
chr6	156763326	158218719	region733	0	1	1	728
chr8	85955619	87411709	region903	0	1	1	728
chr3	153256571	154714218	region372	0	1	1	729
chr4	17383322	18841874	region416	0	1	1	729
chr16	25986862	27445755	region1451	0	1	1	729
chr4	66600492	68059497	region445	0	1	1	730
chr7	71874885	73334602	region790	0	1	1	730
chr7	144968289	146427960	region833	0	1	1	730
chr16	8338519	9799419	region1438	0	1	1	730
chr11	27020461	28481593	region1114	0	1	1	731
chr16	62229849	63691589	region1463	0	1	1	731
chr19	4348967	5811852	region1583	0	1	1	731
chr3	167117429	168580960	region380	0	1	1	732
chr10	35109355	36572508	region1036	0	1	1	732
chr12	1080331	2544786	region1181	0	1	1	732
chr3	14816900	16282442	region288	0	1	1	733
chr8	134570001	136035605	region930	0	1	1	733
chr1	38731847	40200567	region24	0	1	1	734
chr7	54222976	55691584	region782	0	1	1	734
chr11	117747110	119215476	region1166	0	1	1	734
chr12	124977980	126445505	region1255	0	1	1	734
chr19	18409862	19877471	region1593	0	1	1	734
chr8	139254830	140725643	region933	0	1	1	735
chr1	169086324	170557776	region85	0	1	1	736
chr7	92493752	93966601	region800	0	1	1	736
chr21	31197025	32668642	region1667	0	1	1	736
chr4	24135529	25609322	region420	0	1	1	737
chr10	8774665	10249396	region1019	0	1	1	737
chr3	9543183	11019665	region285	0	1	1	738
chr3	41064528	42540002	region307	0	1	1	738
chr13	32301815	33776903	region1271	0	1	1	738
chr16	80297374	81772536	region1474	0	1	1	738
chr22	44995308	46470495	region1699	0	1	1	738
chr6	132765669	134244243	region719	0	1	1	739
chr13	84133144	85610916	region1303	0	1	1	739
chr14	101534307	103012102	region1376	0	1	1	739
chr5	147181998	148662624	region608	0	1	1	740
chr8	26682525	28162392	region869	0	1	1	740
chr7	98715474	100196651	region804	0	1	1	741
chr21	19480375	20962339	region1659	0	1	1	741
chr11	94242260	95726041	region1149	0	1	1	742
chr16	60745694	62229849	region1462	0	1	1	742
chr20	17487232	18972203	region1630	0	1	1	742
chr5	38802410	40287729	region547	0	1	1	743
chr10	53616629	55103572	region1044	0	1	1	743
chr8	136035605	137524151	region931	0	1	1	744
chr19	610729	2098396	region1580	0	1	1	744
chr16	16154060	17644749	region1445	0	1	1	745
chr3	45165153	46657500	region309	0	1	1	746
chr6	56105313	57599465	region673	0	1	1	747
chr7	157634597	159128575	region842	0	1	1	747
chr3	103084960	104581613	region342	0	1	1	748
chr9	85440801	86938196	region977	0	1	1	749
chr3	113947863	115447080	region348	0	1	1	750
chr7	51675322	53176312	region780	0	1	1	750
chr9	72753755	74253040	region968	0	1	1	750
chr13	25784362	27284362	region1267	0	1	1	750
chr5	87389991	88891530	region573	0	1	1	751
chr7	132805848	134307596	region824	0	1	1	751
chr14	49005471	50507760	region1342	0	1	1	751
chr14	84241633	85746319	region1364	0	1	1	752
chr12	94514567	96020785	region1235	0	1	1	753
chr14	28466533	29972145	region1329	0	1	1	753
chr16	18643607	20150571	region1447	0	1	1	753
chr5	159973944	161482133	region616	0	1	1	754
chr1	177433381	178944309	region89	0	1	1	755
chr11	68005825	69516130	region1133	0	1	1	755
chr9	81079055	82590928	region974	0	1	1	756
chr3	77508835	79024541	region329	0	1	1	758
chr5	115831047	117346213	region591	0	1	1	758
chr8	119685457	121201700	region921	0	1	1	758
chr18	30264066	31780067	region1548	0	1	1	758
chr19	32746520	34262952	region1601	0	1	1	758
chr2	54685226	56203345	region169	0	1	1	759
chr2	152486782	154005056	region224	0	1	1	759
chr15	46618787	48136048	region1397	0	1	1	759
chr20	9730921	11249536	region1625	0	1	1	759
chr6	9020026	10540317	region640	0	1	1	760
chr6	67329215	68849483	region678	0	1	1	760
chr2	150210292	151731462	region222	0	1	1	761
chr10	42372579	43894771	region1039	0	1	1	761
chr14	41615502	43137389	region1336	0	1	1	761
chr7	104159525	105682905	region808	0	1	1	762
chr10	15026068	16551767	region1023	0	1	1	763
chr4	139556511	141084631	region491	0	1	1	764
chr8	54418044	55945581	region884	0	1	1	764
chr8	72289454	73817199	region895	0	1	1	764
chr12	64032461	65559695	region1218	0	1	1	764
chr20	15958359	17487232	region1629	0	1	1	764
chr20	36909530	38436761	region1640	0	1	1	764
chr1	229156248	230685255	region119	0	1	1	765
chr8	95005527	96534806	region908	0	1	1	765
chr17	67858770	69387817	region1523	0	1	1	765
chr1	61922365	63455089	region39	0	1	1	766
chr1	111741737	113273306	region69	0	1	1	766
chr2	125840921	127373764	region206	0	1	1	766
chr5	88891530	90422654	region574	0	1	1	766
chr5	103320005	104851483	region582	0	1	1	766
chr8	82693739	84225589	region901	0	1	1	766
chr20	20959710	22491456	region1632	0	1	1	766
chr1	4380811	5913893	region4	0	1	1	767
chr2	103588215	105125034	region194	0	1	1	768
chr1	66939404	68477895	region42	0	1	1	769
chr7	150711505	152249806	region837	0	1	1	769
chr10	80876749	82414679	region1061	0	1	1	769
chr13	113572488	115109853	region1323	0	1	1	769
chr14	44543227	46081896	region1338	0	1	1	769
chr17	77298636	78837588	region1528	0	1	1	769
chr15	56901773	58441366	region1404	0	1	1	770
chr6	77414881	78957728	region684	0	1	1	771
chr6	116131396	117672972	region708	0	1	1	771
chr18	60277715	61820252	region1565	0	1	1	771
chr3	121974097	123517768	region353	0	1	1	772
chr5	80481471	82025648	region569	0	1	1	772
chr11	33958739	35502605	region1118	0	1	1	772
chr5	61672995	63218987	region559	0	1	1	773
chr9	88590417	90136246	region980	0	1	1	773
chr16	75977954	77523678	region1470	0	1	1	773
chr5	33500180	35048970	region544	0	1	1	774
chr3	1441779	2992120	region279	0	1	1	775
chr12	23820634	25371083	region1196	0	1	1	775
chr3	20091348	21643707	region292	0	1	1	776
chr4	53877433	55429556	region438	0	1	1	776
chr8	89085481	90638162	region905	0	1	1	776
chr11	114830666	116383348	region1164	0	1	1	776
chr11	119215476	120766806	region1167	0	1	1	776
chr13	59302271	60854778	region1289	0	1	1	776
chr13	82581814	84133144	region1302	0	1	1	776
chr13	20686720	22242174	region1263	0	1	1	778
chr17	32912798	34469036	region1504	0	1	1	778
chr18	71971462	73526987	region1574	0	1	1	778
chr4	183371275	184929455	region517	0	1	1	779
chr5	125785649	127344604	region598	0	1	1	779
chr9	32019368	33578334	region961	0	1	1	779
chr11	76797209	78355058	region1138	0	1	1	779
chr14	81579714	83138097	region1362	0	1	1	779
chr16	1207206	2764829	region1431	0	1	1	779
chr2	214014282	215573795	region259	0	1	1	780
chr8	37379389	38938806	region876	0	1	1	780
chr4	186909090	188472981	region519	0	1	1	782
chr6	65765742	67329215	region677	0	1	1	782
chr1	154770403	156336133	region78	0	1	1	783
chr3	7083387	8648561	region283	0	1	1	783
chr5	52134622	53703044	region552	0	1	1	784
chr5	169505664	171074292	region623	0	1	1	784
chr6	123856181	125424383	region714	0	1	1	784
chr2	80050403	81620841	region185	0	1	1	785
chr7	156065250	157634597	region841	0	1	1	785
chr7	116780178	118351581	region814	0	1	1	786
chr15	59694116	61265836	region1406	0	1	1	786
chr15	32441811	34015425	region1388	0	1	1	787
chr3	29142260	30717955	region299	0	1	1	788
chr9	28811584	30387392	region958	0	1	1	788
chr11	4746709	6322869	region1099	0	1	1	788
chr17	5741334	7317398	region1489	0	1	1	788
chr11	62223771	63804569	region1130	0	1	1	790
chr20	52472549	54055266	region1649	0	1	1	791
chr12	115503216	117087471	region1250	0	1	1	792
chr1	63455089	65041704	region40	0	1	1	793
chr2	6836254	8422147	region138	0	1	1	793
chr6	91843196	93428644	region693	0	1	1	793
chr12	104848696	106436213	region1242	0	1	1	794
chr1	153180829	154770403	region77	0	1	1	795
chr3	47727212	49316972	region311	0	1	1	795
chr6	160580497	162169564	region735	0	1	1	795
chr12	39227169	40816185	region1204	0	1	1	795
chr16	27445755	29036613	region1452	0	1	1	795
chr3	130244735	131836516	region358	0	1	1	796
chr10	108726686	110317705	region1078	0	1	1	796
chr14	66399555	67992317	region1354	0	1	1	796
chr2	116772470	118367466	region201	0	1	1	797
chr6	13209388	14802924	region643	0	1	1	797
chr13	44901409	46495214	region1279	0	1	1	797
chr1	23920590	25516845	region17	0	1	1	798
chr4	128996665	130591885	region484	0	1	1	798
chr5	134777401	136376050	region602	0	1	1	799
chr15	41177514	42776399	region1394	0	1	1	799
chr19	57521335	59118839	region1617	0	1	1	799
chr1	113273306	114873845	region70	0	1	1	800
chr2	233550003	235150987	region270	0	1	1	800
chr3	22204244	23804865	region294	0	1	1	800
chr5	40287729	41888710	region548	0	1	1	800
chr5	153773088	155373505	region612	0	1	1	800
chr8	20060856	21661737	region864	0	1	1	800
chr10	60289987	61891409	region1049	0	1	1	801
chr10	96221243	97822357	region1071	0	1	1	801
chr17	61545589	63148128	region1520	0	1	1	801
chr3	63669286	65273538	region320	0	1	1	802
chr5	171074292	172678327	region624	0	1	1	802
chr7	43159074	44763828	region775	0	1	1	802
chr10	7171484	8774665	region1018	0	1	1	802
chr7	23471442	25077259	region764	0	1	1	803
chr20	5477850	7084073	region1622	0	1	1	803
chr2	239952643	241560084	region275	0	1	1	804
chr3	16282442	17891118	region289	0	1	1	804
chr9	79471208	81079055	region973	0	1	1	804
chr1	84844495	86454751	region52	0	1	1	805
chr4	115666246	117276929	region473	0	1	1	805
chr1	181144121	182755356	region92	0	1	1	806
chr11	10952027	12564229	region1104	0	1	1	806
chr9	105967976	107581749	region988	0	1	1	807
chr11	35502605	37116815	region1119	0	1	1	807
chr20	8117011	9730921	region1624	0	1	1	807
chr2	69139564	70755198	region179	0	1	1	808
chr7	97099570	98715474	region803	0	1	1	808
chr15	92164392	93780902	region1422	0	1	1	808
chr22	18296088	19912358	region1682	0	1	1	808
chr12	118135375	119754110	region1252	0	1	1	809
chr19	52985290	54602362	region1614	0	1	1	809
chr9	82590928	84211233	region975	0	1	1	810
chr5	85767290	87389991	region572	0	1	1	811
chr12	65559695	67181144	region1219	0	1	1	811
chr4	10699152	12323034	region411	0	1	1	812
chr14	78561945	80186579	region1360	0	1	1	812
chr22	16050408	17674295	region1680	0	1	1	812
chr4	122657987	124286481	region478	0	1	1	814
chr8	73817199	75445064	region896	0	1	1	814
chr2	196447456	198078110	region249	0	1	1	815
chr4	60741087	62371763	region442	0	1	1	815
chr2	212379518	214014282	region258	0	1	1	817
chr3	30717955	32351715	region300	0	1	1	817
chr7	76458564	78093859	region792	0	1	1	818
chr13	98938919	100574095	region1311	0	1	1	818
chr9	92528698	94167203	region982	0	1	1	819
chr3	173477285	175116539	region384	0	1	1	820
chr18	44299246	45939732	region1556	0	1	1	820
chr1	151538881	153180829	region76	0	1	1	821
chr17	45876022	47517400	region1511	0	1	1	821
chr1	94506191	96150893	region58	0	1	1	822
chr7	128778386	130422414	region822	0	1	1	822
chr9	139500342	141144796	region1010	0	1	1	822
chr18	61820252	63463402	region1566	0	1	1	822
chr11	97057058	98705065	region1151	0	1	1	824
chr11	104873284	106520894	region1156	0	1	1	824
chr1	91886317	93536459	region56	0	1	1	825
chr6	43756169	45406563	region665	0	1	1	825
chr20	3828413	5477850	region1621	0	1	1	825
chr3	4431647	6083183	region281	0	1	1	826
chr4	37255047	38907022	region430	0	1	1	826
chr17	63148128	64800430	region1521	0	1	1	826
chr12	30512406	32165592	region1200	0	1	1	827
chr2	137042794	138698117	region214	0	1	1	828
chr3	23804865	25461558	region295	0	1	1	828
chr8	17836399	19492840	region862	0	1	1	828
chr6	150253404	151912703	region729	0	1	1	830
chr11	28481593	30141357	region1115	0	1	1	830
chr17	8306425	9965921	region1491	0	1	1	830
chr19	6684885	8347513	region1585	0	1	1	831
chr1	214578266	216243634	region111	0	1	1	833
chr13	19020013	20686720	region1262	0	1	1	833
chr4	131283821	132954033	region486	0	1	1	835
chr15	50008043	51677560	region1399	0	1	1	835
chr21	44506268	46177105	region1677	0	1	1	835
chr2	50818928	52491133	region166	0	1	1	836
chr6	61880512	63552888	region675	0	1	1	836
chr9	4884926	6557589	region942	0	1	1	836
chr1	86454751	88128631	region53	0	1	1	837
chr4	132954033	134628434	region487	0	1	1	837
chr8	87411709	89085481	region904	0	1	1	837
chr14	38667725	40341990	region1334	0	1	1	837
chr5	29714820	31390249	region542	0	1	1	838
chr5	166847740	168525318	region621	0	1	1	839
chr11	32276901	33958739	region1117	0	1	1	841
chr1	69687616	71372470	region44	0	1	1	842
chr12	84303844	85990426	region1231	0	1	1	843
chr12	70957987	72645075	region1223	0	1	1	844
chr15	90475551	92164392	region1421	0	1	1	844
chr16	22448904	24136875	region1449	0	1	1	844
chr1	1892607	3582736	region2	0	1	1	845
chr10	129154362	130844284	region1090	0	1	1	845
chr12	46024229	47714793	region1208	0	1	1	845
chr16	14464002	16154060	region1444	0	1	1	845
chr1	79661198	81354191	region49	0	1	1	846
chr1	156336133	158027412	region79	0	1	1	846
chr7	55691584	57382638	region783	0	1	1	846
chr6	40345115	42038721	region663	0	1	1	847
chr4	152782184	154477641	region497	0	1	1	848
chr16	59045405	60745694	region1461	0	1	1	850
chr4	18841874	20544557	region417	0	1	1	851
chr2	26894985	28598777	region149	0	1	1	852
chr4	87534648	89238028	region458	0	1	1	852
chr10	13321600	15026068	region1022	0	1	1	852
chr17	72672203	74375560	region1525	0	1	1	852
chr2	140100271	141805351	region216	0	1	1	853
chr2	231843389	233550003	region269	0	1	1	853
chr4	172558635	174264132	region511	0	1	1	853
chr15	71922649	73628714	region1413	0	1	1	853
chr21	32668642	34376999	region1668	0	1	1	854
chr8	131639625	133351144	region928	0	1	1	856
chr9	9166403	10879253	region946	0	1	1	856
chr11	98705065	100417169	region1152	0	1	1	856
chr5	53703044	55417349	region553	0	1	1	857
chr11	22374142	24088517	region1111	0	1	1	857
chr3	192343814	194059671	region395	0	1	1	858
chr6	42038721	43756169	region664	0	1	1	859
chr9	107581749	109298754	region989	0	1	1	859
chr15	86652905	88369943	region1419	0	1	1	859
chr8	128659111	130381139	region926	0	1	1	861
chr3	56433907	58157519	region316	0	1	1	862
chr3	82643886	84367479	region332	0	1	1	862
chr6	37572596	39295677	region661	0	1	1	862
chr13	100574095	102300523	region1312	0	1	1	863
chr3	161524504	163253205	region377	0	1	1	864
chr3	116800153	118530251	region350	0	1	1	865
chr5	27984513	29714820	region541	0	1	1	865
chr8	84225589	85955619	region902	0	1	1	865
chr8	137524151	139254830	region932	0	1	1	865
chr19	42131573	43862455	region1607	0	1	1	865
chr1	96150893	97885249	region59	0	1	1	867
chr2	3973779	5708337	region136	0	1	1	867
chr2	161769733	163503551	region230	0	1	1	867
chr4	25609322	27343722	region421	0	1	1	867
chr6	78957728	80691170	region685	0	1	1	867
chr1	212842330	214578266	region110	0	1	1	868
chr1	235819436	237555628	region124	0	1	1	868
chr13	73934089	75670143	region1297	0	1	1	868
chr13	55817131	57554217	region1286	0	1	1	869
chr22	37570269	39307894	region1694	0	1	1	869
chr12	53039004	54778823	region1212	0	1	1	870
chr13	75670143	77410555	region1298	0	1	1	870
chr20	59561724	61301855	region1653	0	1	1	870
chr5	101578769	103320005	region581	0	1	1	871
chr9	135298842	137041122	region1006	0	1	1	871
chr1	201589975	203334734	region104	0	1	1	872
chr9	20463534	22206559	region952	0	1	1	872
chr3	13070799	14816900	region287	0	1	1	873
chr13	51591091	53339622	region1283	0	1	1	874
chr4	42213058	43965045	region433	0	1	1	876
chr6	87069500	88822140	region690	0	1	1	876
chr17	29786491	31538425	region1502	0	1	1	876
chr10	65794114	67549615	region1053	0	1	1	878
chr10	132580245	134336329	region1093	0	1	1	878
chr7	15143657	16902069	region759	0	1	1	879
chr11	89208936	90966490	region1145	0	1	1	879
chr14	71131957	72889615	region1356	0	1	1	879
chr17	53599432	55357541	region1516	0	1	1	879
chr12	57548860	59308666	region1215	0	1	1	880
chr16	55903774	57664330	region1459	0	1	1	880
chr8	38938806	40703337	region877	0	1	1	882
chr1	16897730	18662899	region12	0	1	1	883
chr13	102300523	104066710	region1313	0	1	1	883
chr15	55136269	56901773	region1403	0	1	1	883
chr2	10133	1781022	region134	0	1	1	885
chr5	77623332	79393144	region567	0	1	1	885
chr7	83801203	85572182	region796	0	1	1	885
chr20	697600	2469501	region1619	0	1	1	886
chr21	24696231	26469122	region1663	0	1	1	886
chr21	38711704	40482902	region1673	0	1	1	886
chr1	40200567	41975327	region25	0	1	1	887
chr2	175588929	177363636	region239	0	1	1	887
chr4	20544557	22319347	region418	0	1	1	887
chr17	1928731	3702312	region1486	0	1	1	887
chr17	51826118	53599432	region1515	0	1	1	887
chr13	78808813	80585676	region1300	0	1	1	888
chr7	82022686	83801203	region795	0	1	1	889
chr8	22897057	24674718	region866	0	1	1	889
chr11	87430235	89208936	region1144	0	1	1	889
chr12	16310460	18087873	region1193	0	1	1	889
chr4	170776510	172558635	region510	0	1	1	891
chr1	41975327	43758457	region26	0	1	1	892
chr3	176320287	178107165	region386	0	1	1	893
chr22	29651799	31439918	region1689	0	1	1	894
chr6	154974120	156763326	region732	0	1	1	895
chr15	70133341	71922649	region1412	0	1	1	895
chr18	45939732	47730584	region1557	0	1	1	895
chr3	72529329	74321817	region326	0	1	1	896
chr5	83972689	85767290	region571	0	1	1	897
chr7	78093859	79888069	region793	0	1	1	897
chr19	55728080	57521335	region1616	0	1	1	897
chr4	27965868	29762208	region423	0	1	1	898
chr4	113870102	115666246	region472	0	1	1	898
chr11	112459488	114257728	region1162	0	1	1	899
chr5	175450595	177251507	region627	0	1	1	900
chr10	31907519	33707968	region1034	0	1	1	900
chr13	43101027	44901409	region1278	0	1	1	900
chr14	89497643	91296860	region1368	0	1	1	900
chr3	163253205	165055469	region378	0	1	1	901
chr7	2772227	4573428	region748	0	1	1	901
chr9	18661051	20463534	region951	0	1	1	901
chr3	75704949	77508835	region328	0	1	1	902
chr1	18662899	20469149	region13	0	1	1	903
chr4	58935008	60741087	region441	0	1	1	903
chr8	29327896	31133729	region871	0	1	1	903
chr5	173642871	175450595	region626	0	1	1	904
chr22	24984204	26791628	region1686	0	1	1	904
chr2	48213001	50022257	region164	0	1	1	905
chr2	31550450	33363777	region153	0	1	1	907
chr4	22319347	24135529	region419	0	1	1	908
chr10	120591353	122407323	region1084	0	1	1	908
chr11	124495528	126311320	region1172	0	1	1	908
chr12	59308666	61123729	region1216	0	1	1	908
chr13	30483267	32301815	region1270	0	1	1	909
chr22	27834752	29651799	region1688	0	1	1	909
chr1	49894177	51713726	region32	0	1	1	910
chr1	90066303	91886317	region55	0	1	1	910
chr3	185068255	186890344	region391	0	1	1	911
chr6	17386405	19207487	region645	0	1	1	911
chr4	167852917	169676825	region508	0	1	1	912
chr5	75798866	77623332	region566	0	1	1	912
chr6	50386145	52210476	region669	0	1	1	912
chr9	14836363	16659655	region949	0	1	1	912
chr14	46749130	48573586	region1340	0	1	1	912
chr3	141339097	143164628	region364	0	1	1	913
chr17	57487512	59312755	region1518	0	1	1	913
chr3	85582231	87409732	region334	0	1	1	914
chr19	20905757	22732896	region1595	0	1	1	914
chr6	130935454	132765669	region718	0	1	1	915
chr22	32664986	34494914	region1691	0	1	1	915
chr7	90661784	92493752	region799	0	1	1	916
chr11	15742552	17578402	region1107	0	1	1	918
chr14	91296860	93132299	region1369	0	1	1	918
chr1	245506746	247344518	region132	0	1	1	919
chr1	182755356	184595513	region93	0	1	1	920
chr6	71609510	73450097	region681	0	1	1	920
chr6	108464380	110304247	region704	0	1	1	920
chr1	57021728	58865399	region36	0	1	1	922
chr16	24136875	25986862	region1450	0	1	1	925
chr12	27799773	29651255	region1198	0	1	1	926
chr15	38530777	40384132	region1392	0	1	1	927
chr21	27271019	29125226	region1665	0	1	1	927
chr6	85209989	87069500	region689	0	1	1	930
chr14	87635341	89497643	region1367	0	1	1	931
chr11	9087317	10952027	region1103	0	1	1	932
chr3	38356116	40221298	region305	0	1	1	933
chr5	18051592	19917716	region535	0	1	1	933
chr7	107780178	109647594	region810	0	1	1	934
chr7	136876562	138744679	region827	0	1	1	934
chr3	36486842	38356116	region304	0	1	1	935
chr5	163771582	165642395	region619	0	1	1	935
chr6	89973052	91843196	region692	0	1	1	935
chr1	224938520	226810860	region117	0	1	1	936
chr15	48136048	50008043	region1398	0	1	1	936
chr17	39899810	41772087	region1508	0	1	1	936
chr18	64252801	66125817	region1568	0	1	1	937
chr2	8422147	10298469	region139	0	1	1	938
chr6	112345014	114220833	region706	0	1	1	938
chr12	78570570	80448150	region1227	0	1	1	939
chr6	153094496	154974120	region731	0	1	1	940
chr1	10583	1892607	region1	0	1	1	941
chr16	71054028	72935150	region1467	0	1	1	941
chr2	135158578	137042794	region213	0	1	1	942
chr4	97540703	99424067	region464	0	1	1	942
chr8	63349306	65232872	region890	0	1	1	942
chr12	55665837	57548860	region1214	0	1	1	942
chr12	102964986	104848696	region1241	0	1	1	942
chr1	25516845	27401867	region18	0	1	1	943
chr1	158027412	159913048	region80	0	1	1	943
chr10	89127064	91013381	region1066	0	1	1	943
chr14	23018665	24905123	region1326	0	1	1	943
chr17	74375560	76263413	region1526	0	1	1	944
chr15	63215222	65104668	region1408	0	1	1	945
chr15	96141596	98030910	region1425	0	1	1	945
chr1	108409665	110303931	region67	0	1	1	947
chr1	247344518	249239466	region133	0	1	1	947
chr4	79093979	80990297	region452	0	1	1	948
chr1	65041704	66939404	region41	0	1	1	949
chr5	148662624	150561298	region609	0	1	1	949
chr9	36743283	38641599	region964	0	1	1	949
chr18	24026191	25927682	region1544	0	1	1	951
chr6	45406563	47311898	region666	0	1	1	953
chr3	151348730	153256571	region371	0	1	1	954
chr2	206735704	208645399	region255	0	1	1	955
chr6	114220833	116131396	region707	0	1	1	955
chr7	126869221	128778386	region821	0	1	1	955
chr2	171226245	173138905	region237	0	1	1	956
chr3	135456906	137371083	region361	0	1	1	957
chr10	73508512	75422550	region1058	0	1	1	957
chr1	97885249	99800604	region60	0	1	1	958
chr2	12419150	14335308	region141	0	1	1	958
chr12	67909729	69826542	region1221	0	1	1	958
chr15	67094767	69017999	region1410	0	1	1	962
chr2	144519484	146445570	region219	0	1	1	963
chr11	131074612	133000046	region1177	0	1	1	963
chr1	197311514	199239884	region101	0	1	1	964
chr9	76973081	78900183	region971	0	1	1	964
chr10	55103572	57031140	region1045	0	1	1	964
chr1	44969183	46899501	region28	0	1	1	965
chr21	41389527	43321528	region1675	0	1	1	966
chr1	88128631	90066303	region54	0	1	1	969
chr4	134628434	136566407	region488	0	1	1	969
chr5	65911286	67850860	region562	0	1	1	970
chr5	63968304	65911286	region561	0	1	1	971
chr18	3891658	5834180	region1534	0	1	1	971
chr4	180122043	182066807	region515	0	1	1	972
chr5	97315601	99260992	region579	0	1	1	973
chr4	12323034	14272001	region412	0	1	1	974
chr4	94233299	96182188	region462	0	1	1	974
chr5	82025648	83972689	region570	0	1	1	974
chr18	1942911	3891658	region1533	0	1	1	974
chr1	186810023	188759945	region95	0	1	1	975
chr6	121905676	123856181	region713	0	1	1	975
chr9	74253040	76203946	region969	0	1	1	975
chr15	61265836	63215222	region1407	0	1	1	975
chr20	34960446	36909530	region1639	0	1	1	975
chr6	75462003	77414881	region683	0	1	1	976
chr9	22206559	24158518	region953	0	1	1	976
chr13	47431079	49383962	region1281	0	1	1	976
chr11	24088517	26045753	region1112	0	1	1	979
chr12	6419753	8377536	region1186	0	1	1	979
chr20	56447959	58406572	region1651	0	1	1	979
chr5	142981248	144943354	region606	0	1	1	981
chr13	88559882	90521311	region1305	0	1	1	981
chr1	189904130	191868930	region97	0	1	1	982
chr4	77130707	79093979	region451	0	1	1	982
chr3	186890344	188856214	region392	0	1	1	983
chr10	123900545	125869346	region1087	0	1	1	984
chr14	57481262	59448336	region1349	0	1	1	984
chr4	62371763	64341001	region443	0	1	1	985
chr5	91840542	93809984	region576	0	1	1	985
chr10	82414679	84383745	region1062	0	1	1	985
chr2	78079264	80050403	region184	0	1	1	986
chr5	50163398	52134622	region551	0	1	1	986
chr13	27284362	29257551	region1268	0	1	1	987
chr4	136566407	138541971	region489	0	1	1	988
chr4	33172766	35151415	region427	0	1	1	989
chr3	126214943	128194861	region356	0	1	1	990
chr4	184929455	186909090	region518	0	1	1	990
chr6	134244243	136224177	region720	0	1	1	990
chr14	51493572	53474383	region1344	0	1	1	990
chr2	33363777	35345028	region154	0	1	1	991
chr2	165178840	167160270	region233	0	1	1	991
chr10	16551767	18537267	region1024	0	1	1	993
chr5	123798100	125785649	region597	0	1	1	994
chr20	18972203	20959710	region1631	0	1	1	994
chr14	103012102	105001723	region1377	0	1	1	995
chr15	65104668	67094767	region1409	0	1	1	995
chr1	173097907	175089768	region87	0	1	1	996
chr3	118530251	120523055	region351	0	1	1	996
chr11	17578402	19569535	region1108	0	1	1	996
chr2	14335308	16329735	region142	0	1	1	997
chr2	58297315	60292000	region172	0	1	1	997
chr6	48391125	50386145	region668	0	1	1	998
chr13	80585676	82581814	region1301	0	1	1	998
chr7	101199253	103197510	region806	0	1	1	999
chr2	121303783	123302906	region203	0	1	1	1000
chr2	142518602	144519484	region218	0	1	1	1000
chr8	7153079	9154694	region853	0	1	1	1001
chr9	16659655	18661051	region950	0	1	1	1001
chr1	14891511	16897730	region11	0	1	1	1003
chr6	100630146	102636772	region699	0	1	1	1003
chr2	36122006	38132712	region156	0	1	1	1005
chr4	40202609	42213058	region432	0	1	1	1005
chr6	73450097	75462003	region682	0	1	1	1006
chr3	66270447	68286914	region322	0	1	1	1008
chr19	30727954	32746520	region1600	0	1	1	1009
chr10	70195991	72220850	region1056	0	1	1	1012
chr7	147815318	149840658	region835	0	1	1	1013
chr3	33255592	35283458	region302	0	1	1	1014
chr1	59890409	61922365	region38	0	1	1	1016
chr10	106695048	108726686	region1077	0	1	1	1016
chr13	41069263	43101027	region1277	0	1	1	1016
chr12	81467767	83502666	region1229	0	1	1	1017
chr16	72935150	74971503	region1468	0	1	1	1018
chr19	16374416	18409862	region1592	0	1	1	1018
chr1	242071602	244109499	region130	0	1	1	1019
chr5	73759326	75798866	region565	0	1	1	1020
chr6	110304247	112345014	region705	0	1	1	1020
chr12	43984474	46024229	region1207	0	1	1	1020
chr15	27298112	29338502	region1384	0	1	1	1020
chr20	47199980	49239658	region1647	0	1	1	1020
chr22	35530985	37570269	region1693	0	1	1	1020
chr3	159477890	161524504	region376	0	1	1	1023
chr8	13944992	15991660	region859	0	1	1	1023
chr19	9238393	11284028	region1587	0	1	1	1023
chr7	63641125	65689809	region786	0	1	1	1024
chr3	128194861	130244735	region357	0	1	1	1025
chr3	11019665	13070799	region286	0	1	1	1026
chr1	210787750	212842330	region109	0	1	1	1027
chr9	112778024	114831082	region992	0	1	1	1027
chr2	218395480	220454551	region262	0	1	1	1030
chr12	76511314	78570570	region1226	0	1	1	1030
chr3	165055469	167117429	region379	0	1	1	1031
chr8	35317232	37379389	region875	0	1	1	1031
chr10	93335047	95396368	region1069	0	1	1	1031
chr2	220454551	222521176	region263	0	1	1	1033
chr8	144236881	146303867	region936	0	1	1	1033
chr1	194107442	196176201	region99	0	1	1	1034
chr12	106958748	109025901	region1244	0	1	1	1034
chr17	36809344	38877404	region1506	0	1	1	1034
chr21	29125226	31197025	region1666	0	1	1	1036
chr6	103983395	106056733	region701	0	1	1	1037
chr14	96262415	98341162	region1373	0	1	1	1039
chr3	70449028	72529329	region325	0	1	1	1040
chr10	48760450	50840915	region1042	0	1	1	1040
chr3	60272906	62355666	region318	0	1	1	1041
chr6	83127149	85209989	region688	0	1	1	1041
chr9	110695062	112778024	region991	0	1	1	1041
chr18	31780067	33861964	region1549	0	1	1	1041
chr4	103221356	105305294	region467	0	1	1	1042
chr6	69523448	71609510	region680	0	1	1	1043
chr9	126971887	129059665	region1000	0	1	1	1044
chr2	182266031	184357608	region243	0	1	1	1046
chr2	189882065	191973357	region246	0	1	1	1046
chr5	41888710	43983499	region549	0	1	1	1047
chr11	63804569	65898631	region1131	0	1	1	1047
chr4	150683580	152782184	region496	0	1	1	1049
chr7	105682905	107780178	region809	0	1	1	1049
chr9	124871322	126971887	region999	0	1	1	1050
chr9	34642243	36743283	region963	0	1	1	1051
chr21	15950982	18053165	region1657	0	1	1	1051
chr5	120452166	122556905	region595	0	1	1	1052
chr7	93966601	96073508	region801	0	1	1	1053
chr15	88369943	90475551	region1420	0	1	1	1053
chr11	65898631	68005825	region1132	0	1	1	1054
chr5	31390249	33500180	region543	0	1	1	1055
chr9	130055510	132165470	region1002	0	1	1	1055
chr14	61680424	63790015	region1351	0	1	1	1055
chr1	12779466	14891511	region10	0	1	1	1056
chr8	56956383	59068651	region886	0	1	1	1056
chr9	26111757	28224283	region956	0	1	1	1056
chr2	133042784	135158578	region212	0	1	1	1058
chr3	58157519	60272906	region317	0	1	1	1058
chr6	35455756	37572596	region660	0	1	1	1058
chr6	125424383	127540461	region715	0	1	1	1058
chr1	7247335	9365199	region6	0	1	1	1059
chr3	190226607	192343814	region394	0	1	1	1059
chr15	76398624	78516053	region1415	0	1	1	1059
chr2	10298469	12419150	region140	0	1	1	1060
chr11	72286017	74412351	region1136	0	1	1	1063
chr4	84799656	86930609	region456	0	1	1	1065
chr17	55357541	57487512	region1517	0	1	1	1065
chr10	125869346	128001098	region1088	0	1	1	1066
chr19	47150082	49282227	region1611	0	1	1	1066
chr7	79888069	82022686	region794	0	1	1	1067
chr3	179374586	181511166	region388	0	1	1	1068
chr11	30141357	32276901	region1116	0	1	1	1068
chr2	60292000	62429044	region173	0	1	1	1069
chr7	39862670	42001811	region773	0	1	1	1070
chr2	215573795	217715661	region260	0	1	1	1071
chr12	99305987	101447641	region1238	0	1	1	1071
chr2	108429177	110572432	region198	0	1	1	1072
chr22	40545797	42690818	region1696	0	1	1	1073
chr20	32813441	34960446	region1638	0	1	1	1074
chr5	93809984	95963519	region577	0	1	1	1077
chr11	128188537	130342575	region1175	0	1	1	1077
chr20	42680176	44839056	region1645	0	1	1	1079
chr4	148521873	150683580	region495	0	1	1	1081
chr3	157312028	159477890	region375	0	1	1	1083
chr2	44313803	46482634	region161	0	1	1	1084
chr2	155391135	157560635	region226	0	1	1	1085
chr10	78706814	80876749	region1060	0	1	1	1085
chr1	103914211	106087842	region65	0	1	1	1087
chr5	127344604	129519025	region599	0	1	1	1087
chr1	54226262	56413117	region34	0	1	1	1093
chr5	108633934	110821144	region586	0	1	1	1094
chr19	11284028	13471127	region1588	0	1	1	1094
chr1	178954470	181144121	region91	0	1	1	1095
chr6	53279102	55468270	region671	0	1	1	1095
chr15	25108590	27298112	region1383	0	1	1	1095
chr2	1781022	3973779	region135	0	1	1	1096
chr2	159577082	161769733	region229	0	1	1	1096
chr13	38878163	41069263	region1276	0	1	1	1096
chr4	68854765	71049152	region447	0	1	1	1097
chr2	62429044	64625913	region174	0	1	1	1098
chr4	105305294	107501305	region468	0	1	1	1098
chr5	156628700	158825698	region614	0	1	1	1098
chr12	97108839	99305987	region1237	0	1	1	1099
chr3	133252173	135456906	region360	0	1	1	1102
chr5	14757804	16963613	region533	0	1	1	1103
chr19	34262952	36469295	region1602	0	1	1	1103
chr2	24686918	26894985	region148	0	1	1	1104
chr13	49383962	51591091	region1282	0	1	1	1104
chr18	37684367	39892648	region1553	0	1	1	1104
chr6	63552888	65765742	region676	0	1	1	1106
chr8	11278998	13491775	region857	0	1	1	1106
chr16	68841363	71054028	region1466	0	1	1	1106
chr1	184595513	186810023	region94	0	1	1	1107
chr6	33236497	35455756	region659	0	1	1	1110
chr8	99401581	101620958	region910	0	1	1	1110
chr4	45189157	47411896	region435	0	1	1	1111
chr7	121933630	124156805	region817	0	1	1	1112
chr7	46986720	49212278	region778	0	1	1	1113
chr14	59448336	61680424	region1350	0	1	1	1116
chr17	59312755	61545589	region1519	0	1	1	1116
chr5	19917716	22152073	region536	0	1	1	1117
chr1	191868930	194107442	region98	0	1	1	1119
chr5	144943354	147181998	region607	0	1	1	1119
chr11	84381272	86619301	region1142	0	1	1	1119
chr10	110317705	112561493	region1079	0	1	1	1122
chr16	63691589	65938566	region1464	0	1	1	1123
chr8	126410917	128659111	region925	0	1	1	1124
chr3	51832015	54081390	region313	0	1	1	1125
chr9	96671698	98922040	region984	0	1	1	1125
chr19	49282227	51532567	region1612	0	1	1	1125
chr7	85572182	87825004	region797	0	1	1	1126
chr6	146665424	148920352	region727	0	1	1	1127
chr12	119754110	122007651	region1253	0	1	1	1127
chr3	181511166	183769683	region389	0	1	1	1129
chr4	64341001	66600492	region444	0	1	1	1130
chr2	199311125	201576284	region251	0	1	1	1133
chr4	120392684	122657987	region477	0	1	1	1133
chr11	37116815	39382003	region1120	0	1	1	1133
chr1	219590571	221858231	region114	0	1	1	1134
chr20	13689864	15958359	region1628	0	1	1	1134
chr1	30161881	32438685	region20	0	1	1	1138
chr2	225840004	228119842	region266	0	1	1	1140
chr10	100668400	102949239	region1074	0	1	1	1140
chr2	21050490	23341383	region146	0	1	1	1145
chr5	11173271	13464832	region531	0	1	1	1146
chr16	20150571	22448904	region1448	0	1	1	1149
chr3	110513770	112815699	region346	0	1	1	1151
chr4	174264132	176570716	region512	0	1	1	1153
chr5	150561298	152867774	region610	0	1	1	1153
chr7	142656310	144968289	region832	0	1	1	1156
chr11	44693799	47006137	region1123	0	1	1	1156
chr10	104380410	106695048	region1076	0	1	1	1157
chr3	146726629	149043237	region368	0	1	1	1158
chr4	158743718	161058864	region501	0	1	1	1158
chr2	16329735	18647423	region143	0	1	1	1159
chr5	99260992	101578769	region580	0	1	1	1159
chr6	127540461	129861031	region716	0	1	1	1160
chr8	140725643	143044914	region934	0	1	1	1160
chr1	106087842	108409665	region66	0	1	1	1161
chr12	41658586	43984474	region1206	0	1	1	1163
chr14	26135686	28466533	region1328	0	1	1	1165
chr5	140645971	142981248	region605	0	1	1	1168
chr1	206073265	208410364	region107	0	1	1	1169
chr2	222521176	224859419	region264	0	1	1	1169
chr10	10249396	12586797	region1020	0	1	1	1169
chr8	32977218	35317232	region874	0	1	1	1170
chr17	34469036	36809344	region1505	0	1	1	1170
chr1	175089768	177433381	region88	0	1	1	1172
chr4	146178187	148521873	region494	0	1	1	1172
chr15	78516053	80860978	region1416	0	1	1	1172
chr1	226810860	229156248	region118	0	1	1	1173
chr16	29036613	31382943	region1453	0	1	1	1173
chr18	20649472	22996651	region1542	0	1	1	1174
chr10	67549615	69900148	region1054	0	1	1	1175
chr7	124167552	126519170	region819	0	1	1	1176
chr4	141084631	143443265	region492	0	1	1	1179
chr20	44839056	47199980	region1646	0	1	1	1180
chr1	32438685	34799758	region21	0	1	1	1181
chr6	158218719	160580497	region734	0	1	1	1181
chr5	36433954	38802410	region546	0	1	1	1184
chr11	78355058	80722373	region1139	0	1	1	1184
chr11	13373124	15742552	region1106	0	1	1	1185
chr15	35083251	37456502	region1390	0	1	1	1187
chr1	208410364	210787750	region108	0	1	1	1189
chr13	61591949	63971559	region1291	0	1	1	1190
chr7	20124908	22507629	region762	0	1	1	1191
chr17	47517400	49898957	region1512	0	1	1	1191
chr2	130658085	133042784	region211	0	1	1	1192
chr3	168580960	170964909	region381	0	1	1	1192
chr7	130422414	132805848	region823	0	1	1	1192
chr11	42310003	44693799	region1122	0	1	1	1192
chr11	74412351	76797209	region1137	0	1	1	1192
chr12	89682122	92066155	region1233	0	1	1	1192
chr4	56547644	58935008	region440	0	1	1	1194
chr9	90136246	92528698	region981	0	1	1	1196
chr15	84260468	86652905	region1418	0	1	1	1196
chr20	54055266	56447959	region1650	0	1	1	1196
chr14	99138532	101534307	region1375	0	1	1	1198
chr18	27866478	30264066	region1547	0	1	1	1199
chr1	74326907	76728135	region47	0	1	1	1201
chr3	79024541	81427310	region330	0	1	1	1201
chr3	104581613	106982811	region343	0	1	1	1201
chr10	23175132	25578596	region1028	0	1	1	1202
chr13	71526791	73934089	region1296	0	1	1	1204
chr5	58524622	60935907	region557	0	1	1	1206
chr14	29972145	32383265	region1330	0	1	1	1206
chr7	31137289	33555768	region768	0	1	1	1209
chr10	97822357	100241302	region1072	0	1	1	1209
chr2	70755198	73174848	region180	0	1	1	1210
chr15	44198049	46618787	region1396	0	1	1	1210
chr4	176570716	178991910	region513	0	1	1	1211
chr8	104988752	107410754	region913	0	1	1	1211
chr4	155056126	157485097	region499	0	1	1	1214
chr12	25371083	27799773	region1197	0	1	1	1214
chr1	159913048	162346721	region81	0	1	1	1217
chr10	26888684	29323236	region1030	0	1	1	1217
chr17	18856320	21290357	region1499	0	1	1	1217
chr2	209941529	212379518	region257	0	1	1	1219
chr4	108815348	111256567	region470	0	1	1	1221
chr6	139845436	142288479	region724	0	1	1	1222
chr17	16412342	18856320	region1498	0	1	1	1222
chr22	19912358	22357325	region1683	0	1	1	1222
chr12	92066155	94514567	region1234	0	1	1	1224
chr2	173138905	175588929	region238	0	1	1	1225
chr7	25909555	28360309	region766	0	1	1	1225
chr4	72140558	74592390	region449	0	1	1	1226
chr10	63341695	65794114	region1052	0	1	1	1226
chr11	1213590	3665481	region1097	0	1	1	1226
chr17	27334244	29786491	region1501	0	1	1	1226
chr2	73174848	75630086	region181	0	1	1	1228
chr1	216243634	218705513	region112	0	1	1	1231
chr14	32383265	34846251	region1331	0	1	1	1231
chr7	49212278	51675322	region779	0	1	1	1232
chr2	229370787	231843389	region268	0	1	1	1236
chr6	19207487	21684065	region646	0	1	1	1238
chr10	85458703	87937577	region1064	0	1	1	1239
chr3	100592217	103084960	region341	0	1	1	1246
chr8	101620958	104123306	region911	0	1	1	1251
chr13	93586455	96087558	region1308	0	1	1	1251
chr9	94167203	96671698	region983	0	1	1	1252
chr12	12733528	15241484	region1191	0	1	1	1254
chr1	51713726	54226262	region33	0	1	1	1256
chr3	49316972	51832015	region312	0	1	1	1258
chr5	71240456	73759326	region564	0	1	1	1259
chr16	53382572	55903774	region1458	0	1	1	1261
chr18	11905440	14440799	region1539	0	1	1	1268
chr4	74592390	77130707	region450	0	1	1	1269
chr1	170557776	173097907	region86	0	1	1	1270
chr3	106982811	109522395	region344	0	1	1	1270
chr4	100678360	103221356	region466	0	1	1	1271
chr7	65689809	68234074	region787	0	1	1	1272
chr9	12276489	14836363	region948	0	1	1	1280
chr18	8498931	11075913	region1537	0	1	1	1288
chr7	16902069	19481547	region760	0	1	1	1290
chr3	137371083	139954597	region362	0	1	1	1292
chr6	14802924	17386405	region644	0	1	1	1292
chr14	19002084	21589402	region1324	0	1	1	1294
chr8	59728100	62329099	region888	0	1	1	1300
chr13	90521311	93129691	region1306	0	1	1	1304
chr16	46399473	49007926	region1455	0	1	1	1304
chr2	167355970	169968236	region235	0	1	1	1306
chr9	122260297	124871322	region998	0	1	1	1306
chr4	111256567	113870102	region471	0	1	1	1307
chr5	129519025	132139649	region600	0	1	1	1310
chr1	166460517	169086324	region84	0	1	1	1313
chr3	42540002	45165153	region308	0	1	1	1313
chr11	101331121	103959636	region1154	0	1	1	1314
chr1	81354191	83991748	region50	0	1	1	1319
chr5	132139649	134777401	region601	0	1	1	1319
chr1	71684405	74326907	region46	0	1	1	1321
chr13	65200602	67844453	region1293	0	1	1	1322
chr19	37527033	40170619	region1604	0	1	1	1322
chr6	94441175	97093511	region696	0	1	1	1326
chr7	33555768	36213538	region769	0	1	1	1329
chr9	98922040	101592859	region985	0	1	1	1335
chr4	91560677	94233299	region461	0	1	1	1336
chr8	76456542	79132861	region898	0	1	1	1338
chr5	23494324	26184851	region538	0	1	1	1345
chr12	73818454	76511314	region1225	0	1	1	1346
chr7	118351581	121045273	region815	0	1	1	1347
chr1	222230220	224938520	region116	0	1	1	1354
chr4	143443265	146178187	region493	0	1	1	1367
chr1	34799758	37549183	region22	0	1	1	1375
chr1	27401867	30161881	region19	0	1	1	1380
chr2	178553183	181312739	region241	0	1	1	1380
chr10	112561493	115328432	region1080	0	1	1	1383
chr15	73628714	76398624	region1414	0	1	1	1385
chr12	49001866	51776494	region1210	0	1	1	1387
chr7	28360309	31137289	region767	0	1	1	1388
chr10	50840915	53616629	region1043	0	1	1	1388
chr12	18087873	20863943	region1194	0	1	1	1388
chr6	97842284	100630146	region698	0	1	1	1394
chr7	69085364	71874885	region789	0	1	1	1395
chr14	35859593	38667725	region1333	0	1	1	1404
chr17	43056905	45876022	region1510	0	1	1	1410
chr8	79132861	81956395	region899	0	1	1	1412
chr2	98995201	101822329	region191	0	1	1	1414
chr7	87825004	90661784	region798	0	1	1	1418
chr1	162346721	165191702	region82	0	1	1	1422
chr2	113921856	116772470	region200	0	1	1	1425
chr11	47006137	49866050	region1124	0	1	1	1430
chr8	96534806	99401581	region909	0	1	1	1433
chr13	67844453	70724516	region1294	0	1	1	1440
chr5	136376050	139265072	region603	0	1	1	1445
chr2	85140680	88038507	region187	0	1	1	1449
chr16	65938566	68841363	region1465	0	1	1	1451
chr3	95311971	98215950	region338	0	1	1	1452
chr12	61123729	64032461	region1217	0	1	1	1454
chr8	90638162	93554386	region906	0	1	1	1458
chr12	110336719	113263518	region1246	0	1	1	1463
chr11	39382003	42310003	region1121	0	1	1	1464
chr1	76728135	79661198	region48	0	1	1	1467
chr2	147277162	150210292	region221	0	1	1	1467
chr2	118367466	121303783	region202	0	1	1	1468
chr13	85610916	88559882	region1304	0	1	1	1474
chr12	20863943	23820634	region1195	0	1	1	1478
chr1	115880593	118839067	region72	0	1	1	1479
chr12	122007651	124977980	region1254	0	1	1	1485
chr7	109647594	112618684	region811	0	1	1	1486
chr2	202818637	205799241	region253	0	1	1	1490
chr2	40281483	43309590	region159	0	1	1	1514
chr16	49007926	52035823	region1456	0	1	1	1514
chr18	39892648	42922106	region1554	0	1	1	1515
chr6	142288479	145319810	region725	0	1	1	1516
chr8	113064320	116096495	region919	0	1	1	1516
chr9	101592859	104624437	region986	0	1	1	1516
chr10	19716878	22772283	region1026	0	1	1	1528
chr17	64800430	67858770	region1522	0	1	1	1529
chr15	21131604	24195127	region1381	0	1	1	1532
chr7	113712387	116780178	region813	0	1	1	1534
chr10	116421406	119523934	region1082	0	1	1	1551
chr11	81266712	84381272	region1141	0	1	1	1557
chr7	73334602	76458564	region791	0	1	1	1562
chr14	67992317	71131957	region1355	0	1	1	1570
chr1	148361253	151538881	region75	0	1	1	1589
chr8	50082470	53302930	region882	0	1	1	1610
chr20	49239658	52472549	region1648	0	1	1	1616
chr8	46841315	50082470	region881	0	1	1	1621
chr10	75422550	78706814	region1059	0	1	1	1642
chr17	69387817	72672203	region1524	0	1	1	1642
chr18	47730584	51062185	region1558	0	1	1	1666
chr2	110572432	113921856	region199	0	1	1	1675
chr8	66489090	69863057	region892	0	1	1	1687
chr11	55082657	58457495	region1127	0	1	1	1687
chr1	144977494	148361253	region74	0	1	1	1692
chr5	67850860	71240456	region563	0	1	1	1695
chr9	117921960	121321537	region996	0	1	1	1700
chr15	80860978	84260468	region1417	0	1	1	1700
chr11	58780549	62223771	region1129	0	1	1	1722
chr2	81620841	85140680	region186	0	1	1	1760
chr14	72889615	76444767	region1357	0	1	1	1778
chr8	116096495	119685457	region920	0	1	1	1794
chr8	121201700	124861459	region922	0	1	1	1830
chr18	51554175	55213838	region1560	0	1	1	1830
chr2	95326452	98995201	region190	0	1	1	1834
chr12	85990426	89682122	region1232	0	1	1	1846
chr2	191973357	195861164	region247	0	1	1	1944
chr10	44730075	48760450	region1041	0	1	1	2015
chr8	42773823	46841315	region880	0	1	1	2034
chr6	57599465	61880512	region674	0	1	1	2141
chr10	37790029	42372579	region1038	0	1	1	2291
chr2	185280173	189882065	region245	0	1	1	2301
chr12	33076989	37856717	region1202	0	1	1	2390
chr11	49866050	54695473	region1125	0	1	1	2415
chr18	14440799	19485844	region1540	0	1	1	2523
chr19	23467746	28557893	region1597	0	1	1	2545
chr4	48123600	53877433	region437	0	1	1	2877
chr7	57382638	63307359	region784	0	1	1	2962
chr3	88298373	94255316	region336	0	1	1	2978
chr17	21290357	27334244	region1500	0	1	1	3022
chr2	89154526	95326452	region189	0	1	1	3086
chr5	43983499	50163398	region550	0	1	1	3090
chr20	25344231	31614823	region1636	0	1	1	3135
chr21	9411243	15950982	region1656	0	1	1	3270
chr9	65472190	72512711	region966	0	1	1	3520
chr16	31382943	46399473	region1454	0	1	1	7508
chr1	118839067	144977494	region73	1	1	1	13069
chr9	38641599	65472190	region965	1	1	1	13415
